{
  "candidate": {
    "id": null,
    "displayId": null,
    "title": null,
    "firstName": "Spire",
    "middleName": null,
    "lastName": "Test",
    "genderDisplay": null,
    "genderCode": null,
    "currentRole": null,
    "currentDomain": "Information Technology and Services",
    "dateOfBirth": null,
    "noticePeriodDays": null,
    "totalExperienceMnth": 121,
    "experienceInCurrentRoleMnth": null,
    "experienceInCurrentDomainMnth": null,
    "currentCtc": null,
    "currentCtcCurrencyName": null,
    "currentCtcCurrencyCode": null,
    "expectedCtc": null,
    "expectedCtcCurrencyName": null,
    "expectedCtcCurrencyCode": null,
    "status": null,
    "statusCode": null,
    "primaryEmailId": "test@spire.com",
    "primaryEmailIdType": null,
    "secondaryEmailId": null,
    "secondaryEmailIdType": null,
    "primaryContactNumberCountryCode": null,
    "primaryContactNumber": "9980100100",
    "primaryContactNumberType": null,
    "secondaryContactNumberCountryCode": null,
    "secondaryContactNumber": null,
    "secondaryContactNumberType": null,
    "locationId": null,
    "locationName": "Bengaluru Area",
    "locationType": null,
    "prefLocation1Id": null,
    "prefLocation1Name": null,
    "prefLocation1Type": null,
    "prefLocation2Id": null,
    "prefLocation2Name": null,
    "prefLocation2Type": null,
    "prefLocation3Id": null,
    "prefLocation3Name": null,
    "prefLocation3Type": null,
    "clientCreatedOn": null,
    "clientUpdatedOn": null,
    "sourceName": "Spire-Test",
    "sourceNameId": null,
    "sourceType": "Spire-Test",
    "sourceTypeId": null,
    "createdBy": null,
    "createdOn": null,
    "updatedBy": null,
    "updatedOn": null,
    "flowId": "createdWithWebScraper",
    "duplicate": null,
    "candidateUrl": null,
    "requisitionIds": null,
    "entityAddressBean": null,
    "candidateEducationMapBean": {
      "links": null,
      "items": [
        {
          "id": null,
          "candidateId": null,
          "instituteId": null,
          "instituteName": "Test SpireInstitute",
          "instituteAddressId": null,
          "degreeId": null,
          "degreeName": "Mechanical Engineering",
          "major": null,
          "enrolledDate": "2003-01-01",
          "passoutDate": "2007-01-01",
          "gradeTypeId": null,
          "gradeTypeName": null,
          "gradeMaxValue": null,
          "isHighestDegree": null,
          "createdBy": null,
          "createdOn": null,
          "updatedBy": null,
          "updatedOn": null,
          "flowId": null
        }
      ],
      "hasMore": false,
      "totalResults": 0
    },
    "candidateEmployerMapBean": {
      "links": null,
      "items": [
        {
          "id": null,
          "candidateId": null,
          "employerName": "Test Spire",
          "employerId": null,
          "employmentTypeId": null,
          "employmentTypeName": null,
          "employerAddressId": null,
          "designationId": null,
          "designationName": "Test SpireEngineer",
          "startDate": "2015-01-01",
          "endDate": null,
          "isCurrentEmployer": "Y",
          "currentCtc": null,
          "currentFixedSalary": null,
          "currentVariableSalary": null,
          "currentCtcCurrency": null,
          "currentCtcCurrencyCode": null,
          "employerIndexStart": null,
          "employerIndexEnd": null,
          "createdBy": null,
          "createdOn": null,
          "updatedBy": null,
          "updatedOn": null,
          "flowId": null
        }
      ],
      "hasMore": false,
      "totalResults": 0
    },
    "candidateJobFamilyMapBean": null,
    "candidateSkillMapBean": {
      "links": null,
      "items": [
        {
          "id": null,
          "candidateId": null,
          "skill": "Test SpireSkill",
          "skillExprncMnth": null,
          "skillPrfcncy": null,
          "skillStrength": 1,
          "skillOccurrence": null,
          "skillIndex": null,
          "skillRecencyGap": null,
          "createdBy": null,
          "createdOn": null,
          "updatedBy": null,
          "updatedOn": null,
          "flowId": null
        }
      ],
      "hasMore": false,
      "totalResults": 0
    },
    "candidateProjectMapBean": null,
    "requisitionCandidateMappingBean": null
  },
  "social": {
    "id": null,
    "candidateId": null,
    "interests": null,
    "hobbies": null,
    "professionalSummary": null,
    "objective": null,
    "stackoverflowRank": null,
    "imageUrl": null,
    "linkedinUrl": "https://in.linkedin.com/in/abhijit-mahesh-9b9b0835",
    "twitterUrl": null,
    "facebookUrl": null,
    "maritalStatus": null,
    "blogLink": null,
    "followers": null,
    "following": null,
    "socialExt": null
  },
  "crm": {
    "statusName": "Rejected"
  }
}