{
	"candidate": {
		"id": null,
		"displayId": null,
		"title": null,
		"firstName": "Bhavik",
		"middleName": null,
		"lastName": "Patel",
		"genderDisplay": null,
		"genderCode": null,
		"currentRole": null,
		"currentDomain": "Pharmaceuticals",
		"dateOfBirth": null,
		"noticePeriodDays": null,
		"totalExperienceMnth": 76,
		"experienceInCurrentRoleMnth": null,
		"experienceInCurrentDomainMnth": null,
		"currentCtc": null,
		"currentCtcCurrencyName": null,
		"currentCtcCurrencyCode": null,
		"expectedCtc": null,
		"expectedCtcCurrencyName": null,
		"expectedCtcCurrencyCode": null,
		"status": null,
		"statusCode": null,
		"primaryEmailId": null,
		"primaryEmailIdType": null,
		"secondaryEmailId": null,
		"secondaryEmailIdType": null,
		"primaryContactNumberCountryCode": null,
		"primaryContactNumber": null,
		"primaryContactNumberType": null,
		"secondaryContactNumberCountryCode": null,
		"secondaryContactNumber": null,
		"secondaryContactNumberType": null,
		"locationId": null,
		"locationName": "Greater New York Ci",
		"locationType": null,
		"prefLocation1Id": null,
		"prefLocation1Name": null,
		"prefLocation1Type": null,
		"prefLocation2Id": null,
		"prefLocation2Name": null,
		"prefLocation2Type": null,
		"prefLocation3Id": null,
		"prefLocation3Name": null,
		"prefLocation3Type": null,
		"clientCreatedOn": null,
		"clientUpdatedOn": null,
		"sourceName": "Open Web",
		"sourceNameId": null,
		"sourceType": "Open Web",
		"sourceTypeId": null,
		"createdBy": null,
		"createdOn": null,
		"updatedBy": null,
		"updatedOn": null,
		"flowId": "createdWithWebScraper",
		"duplicate": null,
		"candidateUrl": null,
		"requisitionIds": null,
		"entityAddressBean": null,
		"candidateEducationMapBean": {
			"links": null,
			"items": [{
				"id": null,
				"candidateId": null,
				"instituteId": null,
				"instituteName": "Rajiv Gandhi University of Health Sciences",
				"instituteAddressId": null,
				"degreeId": null,
				"degreeName": "Bachelor of Pharmacy (BPharm), Pharmaceutical Sciences",
				"major": null,
				"enrolledDate": "2003-01-01",
				"passoutDate": "2007-01-01",
				"gradeTypeId": null,
				"gradeTypeName": null,
				"gradeMaxValue": null,
				"isHighestDegree": null,
				"createdBy": null,
				"createdOn": null,
				"updatedBy": null,
				"updatedOn": null,
				"flowId": null
			}],
			"hasMore": false,
			"totalResults": 0
		},
		"candidateEmployerMapBean": {
			"links": null,
			"items": [{
				"id": null,
				"candidateId": null,
				"employerName": "CVS Pharmacy",
				"employerId": null,
				"employmentTypeId": null,
				"employmentTypeName": null,
				"employerAddressId": null,
				"designationId": null,
				"designationName": "Pharmacy Technician",
				"startDate": "2011-12-01",
				"endDate": "2012-08-01",
				"isCurrentEmployer": "N",
				"currentCtc": null,
				"currentFixedSalary": null,
				"currentVariableSalary": null,
				"currentCtcCurrency": null,
				"currentCtcCurrencyCode": null,
				"employerIndexStart": null,
				"employerIndexEnd": null,
				"createdBy": null,
				"createdOn": null,
				"updatedBy": null,
				"updatedOn": null,
				"flowId": null
			}, {
				"id": null,
				"candidateId": null,
				"employerName": "Caraco Pharmaceutical Laboratories",
				"employerId": null,
				"employmentTypeId": null,
				"employmentTypeName": null,
				"employerAddressId": null,
				"designationId": null,
				"designationName": "Supervisor",
				"startDate": "2012-08-01",
				"endDate": null,
				"isCurrentEmployer": "Y",
				"currentCtc": null,
				"currentFixedSalary": null,
				"currentVariableSalary": null,
				"currentCtcCurrency": null,
				"currentCtcCurrencyCode": null,
				"employerIndexStart": null,
				"employerIndexEnd": null,
				"createdBy": null,
				"createdOn": null,
				"updatedBy": null,
				"updatedOn": null,
				"flowId": null
			}, {
				"id": null,
				"candidateId": null,
				"employerName": "SUN PHARMA",
				"employerId": null,
				"employmentTypeId": null,
				"employmentTypeName": null,
				"employerAddressId": null,
				"designationId": null,
				"designationName": "Supervisor",
				"startDate": "2009-08-01",
				"endDate": "2011-08-01",
				"isCurrentEmployer": "N",
				"currentCtc": null,
				"currentFixedSalary": null,
				"currentVariableSalary": null,
				"currentCtcCurrency": null,
				"currentCtcCurrencyCode": null,
				"employerIndexStart": null,
				"employerIndexEnd": null,
				"createdBy": null,
				"createdOn": null,
				"updatedBy": null,
				"updatedOn": null,
				"flowId": null
			}],
			"hasMore": false,
			"totalResults": 0
		},
		"candidateJobFamilyMapBean": null,
		"candidateSkillMapBean": {
			"links": null,
			"items": [{
				"id": null,
				"candidateId": null,
				"skill": "Validation",
				"skillExprncMnth": null,
				"skillPrfcncy": null,
				"skillStrength": 1.0,
				"skillOccurrence": null,
				"skillIndex": null,
				"skillRecencyGap": null,
				"createdBy": null,
				"createdOn": null,
				"updatedBy": null,
				"updatedOn": null,
				"flowId": null
			}, {
				"id": null,
				"candidateId": null,
				"skill": "Microsoft Office Tools",
				"skillExprncMnth": null,
				"skillPrfcncy": null,
				"skillStrength": 1.0,
				"skillOccurrence": null,
				"skillIndex": null,
				"skillRecencyGap": null,
				"createdBy": null,
				"createdOn": null,
				"updatedBy": null,
				"updatedOn": null,
				"flowId": null
			}, {
				"id": null,
				"candidateId": null,
				"skill": "Cleaning Validation",
				"skillExprncMnth": null,
				"skillPrfcncy": null,
				"skillStrength": 1.0,
				"skillOccurrence": null,
				"skillIndex": null,
				"skillRecencyGap": null,
				"createdBy": null,
				"createdOn": null,
				"updatedBy": null,
				"updatedOn": null,
				"flowId": null
			}, {
				"id": null,
				"candidateId": null,
				"skill": "ERP",
				"skillExprncMnth": null,
				"skillPrfcncy": null,
				"skillStrength": 1.0,
				"skillOccurrence": null,
				"skillIndex": null,
				"skillRecencyGap": null,
				"createdBy": null,
				"createdOn": null,
				"updatedBy": null,
				"updatedOn": null,
				"flowId": null
			}, {
				"id": null,
				"candidateId": null,
				"skill": "FDA",
				"skillExprncMnth": null,
				"skillPrfcncy": null,
				"skillStrength": 1.0,
				"skillOccurrence": null,
				"skillIndex": null,
				"skillRecencyGap": null,
				"createdBy": null,
				"createdOn": null,
				"updatedBy": null,
				"updatedOn": null,
				"flowId": null
			}, {
				"id": null,
				"candidateId": null,
				"skill": "Pharmaceutics",
				"skillExprncMnth": null,
				"skillPrfcncy": null,
				"skillStrength": 1.0,
				"skillOccurrence": null,
				"skillIndex": null,
				"skillRecencyGap": null,
				"createdBy": null,
				"createdOn": null,
				"updatedBy": null,
				"updatedOn": null,
				"flowId": null
			}, {
				"id": null,
				"candidateId": null,
				"skill": "Continuous Improvement",
				"skillExprncMnth": null,
				"skillPrfcncy": null,
				"skillStrength": 1.0,
				"skillOccurrence": null,
				"skillIndex": null,
				"skillRecencyGap": null,
				"createdBy": null,
				"createdOn": null,
				"updatedBy": null,
				"updatedOn": null,
				"flowId": null
			}, {
				"id": null,
				"candidateId": null,
				"skill": "GLP",
				"skillExprncMnth": null,
				"skillPrfcncy": null,
				"skillStrength": 1.0,
				"skillOccurrence": null,
				"skillIndex": null,
				"skillRecencyGap": null,
				"createdBy": null,
				"createdOn": null,
				"updatedBy": null,
				"updatedOn": null,
				"flowId": null
			}, {
				"id": null,
				"candidateId": null,
				"skill": "Windows",
				"skillExprncMnth": null,
				"skillPrfcncy": null,
				"skillStrength": 1.0,
				"skillOccurrence": null,
				"skillIndex": null,
				"skillRecencyGap": null,
				"createdBy": null,
				"createdOn": null,
				"updatedBy": null,
				"updatedOn": null,
				"flowId": null
			}, {
				"id": null,
				"candidateId": null,
				"skill": "GMP",
				"skillExprncMnth": null,
				"skillPrfcncy": null,
				"skillStrength": 1.0,
				"skillOccurrence": null,
				"skillIndex": null,
				"skillRecencyGap": null,
				"createdBy": null,
				"createdOn": null,
				"updatedBy": null,
				"updatedOn": null,
				"flowId": null
			}, {
				"id": null,
				"candidateId": null,
				"skill": "Talent Acquisition",
				"skillExprncMnth": null,
				"skillPrfcncy": null,
				"skillStrength": 1.0,
				"skillOccurrence": null,
				"skillIndex": null,
				"skillRecencyGap": null,
				"createdBy": null,
				"createdOn": null,
				"updatedBy": null,
				"updatedOn": null,
				"flowId": null
			}, {
				"id": null,
				"candidateId": null,
				"skill": "Adobe Photoshop",
				"skillExprncMnth": null,
				"skillPrfcncy": null,
				"skillStrength": 1.0,
				"skillOccurrence": null,
				"skillIndex": null,
				"skillRecencyGap": null,
				"createdBy": null,
				"createdOn": null,
				"updatedBy": null,
				"updatedOn": null,
				"flowId": null
			}, {
				"id": null,
				"candidateId": null,
				"skill": "CAPA",
				"skillExprncMnth": null,
				"skillPrfcncy": null,
				"skillStrength": 1.0,
				"skillOccurrence": null,
				"skillIndex": null,
				"skillRecencyGap": null,
				"createdBy": null,
				"createdOn": null,
				"updatedBy": null,
				"updatedOn": null,
				"flowId": null
			}, {
				"id": null,
				"candidateId": null,
				"skill": "Change Control",
				"skillExprncMnth": null,
				"skillPrfcncy": null,
				"skillStrength": 1.0,
				"skillOccurrence": null,
				"skillIndex": null,
				"skillRecencyGap": null,
				"createdBy": null,
				"createdOn": null,
				"updatedBy": null,
				"updatedOn": null,
				"flowId": null
			}, {
				"id": null,
				"candidateId": null,
				"skill": "21 CFR Part 11",
				"skillExprncMnth": null,
				"skillPrfcncy": null,
				"skillStrength": 1.0,
				"skillOccurrence": null,
				"skillIndex": null,
				"skillRecencyGap": null,
				"createdBy": null,
				"createdOn": null,
				"updatedBy": null,
				"updatedOn": null,
				"flowId": null
			}, {
				"id": null,
				"candidateId": null,
				"skill": "Sop",
				"skillExprncMnth": null,
				"skillPrfcncy": null,
				"skillStrength": 1.0,
				"skillOccurrence": null,
				"skillIndex": null,
				"skillRecencyGap": null,
				"createdBy": null,
				"createdOn": null,
				"updatedBy": null,
				"updatedOn": null,
				"flowId": null
			}, {
				"id": null,
				"candidateId": null,
				"skill": "SOP",
				"skillExprncMnth": null,
				"skillPrfcncy": null,
				"skillStrength": 1.0,
				"skillOccurrence": null,
				"skillIndex": null,
				"skillRecencyGap": null,
				"createdBy": null,
				"createdOn": null,
				"updatedBy": null,
				"updatedOn": null,
				"flowId": null
			}, {
				"id": null,
				"candidateId": null,
				"skill": "Internet Utilities",
				"skillExprncMnth": null,
				"skillPrfcncy": null,
				"skillStrength": 1.0,
				"skillOccurrence": null,
				"skillIndex": null,
				"skillRecencyGap": null,
				"createdBy": null,
				"createdOn": null,
				"updatedBy": null,
				"updatedOn": null,
				"flowId": null
			}, {
				"id": null,
				"candidateId": null,
				"skill": "V",
				"skillExprncMnth": null,
				"skillPrfcncy": null,
				"skillStrength": 1.0,
				"skillOccurrence": null,
				"skillIndex": null,
				"skillRecencyGap": null,
				"createdBy": null,
				"createdOn": null,
				"updatedBy": null,
				"updatedOn": null,
				"flowId": null
			}, {
				"id": null,
				"candidateId": null,
				"skill": "Pharmaceutical Industry",
				"skillExprncMnth": null,
				"skillPrfcncy": null,
				"skillStrength": 1.0,
				"skillOccurrence": null,
				"skillIndex": null,
				"skillRecencyGap": null,
				"createdBy": null,
				"createdOn": null,
				"updatedBy": null,
				"updatedOn": null,
				"flowId": null
			}, {
				"id": null,
				"candidateId": null,
				"skill": "Manufacturing",
				"skillExprncMnth": null,
				"skillPrfcncy": null,
				"skillStrength": 1.0,
				"skillOccurrence": null,
				"skillIndex": null,
				"skillRecencyGap": null,
				"createdBy": null,
				"createdOn": null,
				"updatedBy": null,
				"updatedOn": null,
				"flowId": null
			}, {
				"id": null,
				"candidateId": null,
				"skill": "Quality Assurance",
				"skillExprncMnth": null,
				"skillPrfcncy": null,
				"skillStrength": 1.0,
				"skillOccurrence": null,
				"skillIndex": null,
				"skillRecencyGap": null,
				"createdBy": null,
				"createdOn": null,
				"updatedBy": null,
				"updatedOn": null,
				"flowId": null
			}, {
				"id": null,
				"candidateId": null,
				"skill": "Quality Control",
				"skillExprncMnth": null,
				"skillPrfcncy": null,
				"skillStrength": 1.0,
				"skillOccurrence": null,
				"skillIndex": null,
				"skillRecencyGap": null,
				"createdBy": null,
				"createdOn": null,
				"updatedBy": null,
				"updatedOn": null,
				"flowId": null
			}, {
				"id": null,
				"candidateId": null,
				"skill": "ANDA",
				"skillExprncMnth": null,
				"skillPrfcncy": null,
				"skillStrength": 0.8,
				"skillOccurrence": null,
				"skillIndex": null,
				"skillRecencyGap": null,
				"createdBy": null,
				"createdOn": null,
				"updatedBy": null,
				"updatedOn": null,
				"flowId": null
			}, {
				"id": null,
				"candidateId": null,
				"skill": "Antibacterial",
				"skillExprncMnth": null,
				"skillPrfcncy": null,
				"skillStrength": 0.8,
				"skillOccurrence": null,
				"skillIndex": null,
				"skillRecencyGap": null,
				"createdBy": null,
				"createdOn": null,
				"updatedBy": null,
				"updatedOn": null,
				"flowId": null
			}],
			"hasMore": false,
			"totalResults": 0
		},
		"candidateProjectMapBean": null,
		"requisitionCandidateMappingBean": null
	},
	"social": {
		"id": null,
		"candidateId": null,
		"interests": null,
		"hobbies": null,
		"professionalSummary": null,
		"objective": null,
		"stackoverflowRank": null,
		"imageUrl": null,
		"linkedinUrl": "http://in.linkedin.com/pub/bhavik-patel/21/b81/364",
		"twitterUrl": null,
		"facebookUrl": null,
		"maritalStatus": null,
		"blogLink": null,
		"followers": null,
		"following": null,
		"socialExt": null
	},
	"crm": null
}