{
	"candidate": {
		"id": null,
		"displayId": null,
		"title": null,
		"firstName": "Fleur",
		"middleName": null,
		"lastName": "Bouman",
		"genderDisplay": null,
		"genderCode": null,
		"currentRole": null,
		"currentDomain": "Human Resources",
		"dateOfBirth": null,
		"noticePeriodDays": null,
		"totalExperienceMnth": 278,
		"experienceInCurrentRoleMnth": null,
		"experienceInCurrentDomainMnth": null,
		"currentCtc": null,
		"currentCtcCurrencyName": null,
		"currentCtcCurrencyCode": null,
		"expectedCtc": null,
		"expectedCtcCurrencyName": null,
		"expectedCtcCurrencyCode": null,
		"status": null,
		"statusCode": null,
		"primaryEmailId": null,
		"primaryEmailIdType": null,
		"secondaryEmailId": null,
		"secondaryEmailIdType": null,
		"primaryContactNumberCountryCode": null,
		"primaryContactNumber": null,
		"primaryContactNumberType": null,
		"secondaryContactNumberCountryCode": null,
		"secondaryContactNumber": null,
		"secondaryContactNumberType": null,
		"locationId": null,
		"locationName": "Amsterdam, Netherlands",
		"locationType": null,
		"prefLocation1Id": null,
		"prefLocation1Name": null,
		"prefLocation1Type": null,
		"prefLocation2Id": null,
		"prefLocation2Name": null,
		"prefLocation2Type": null,
		"prefLocation3Id": null,
		"prefLocation3Name": null,
		"prefLocation3Type": null,
		"clientCreatedOn": null,
		"clientUpdatedOn": null,
		"sourceName": "Open Web",
		"sourceNameId": null,
		"sourceType": "Open Web",
		"sourceTypeId": null,
		"createdBy": null,
		"createdOn": null,
		"updatedBy": null,
		"updatedOn": null,
		"flowId": "createdWithWebScraper",
		"duplicate": null,
		"candidateUrl": null,
		"requisitionIds": null,
		"entityAddressBean": null,
		"candidateEducationMapBean": {
			"links": null,
			"items": [{
				"id": null,
				"candidateId": null,
				"instituteId": null,
				"instituteName": "BGL",
				"instituteAddressId": null,
				"degreeId": null,
				"degreeName": "Post HBO Loopbaan Advies",
				"major": null,
				"enrolledDate": "2009-01-01",
				"passoutDate": "2010-01-01",
				"gradeTypeId": null,
				"gradeTypeName": null,
				"gradeMaxValue": null,
				"isHighestDegree": null,
				"createdBy": null,
				"createdOn": null,
				"updatedBy": null,
				"updatedOn": null,
				"flowId": null
			}, {
				"id": null,
				"candidateId": null,
				"instituteId": null,
				"instituteName": "Vrije Universiteit Amsterdam",
				"instituteAddressId": null,
				"degreeId": null,
				"degreeName": ", Biologie",
				"major": null,
				"enrolledDate": "1994-01-01",
				"passoutDate": "1997-01-01",
				"gradeTypeId": null,
				"gradeTypeName": null,
				"gradeMaxValue": null,
				"isHighestDegree": null,
				"createdBy": null,
				"createdOn": null,
				"updatedBy": null,
				"updatedOn": null,
				"flowId": null
			}, {
				"id": null,
				"candidateId": null,
				"instituteId": null,
				"instituteName": "Het Amsterdams Lyceum",
				"instituteAddressId": null,
				"degreeId": null,
				"degreeName": "VWO",
				"major": null,
				"enrolledDate": "1987-01-01",
				"passoutDate": "1992-01-01",
				"gradeTypeId": null,
				"gradeTypeName": null,
				"gradeMaxValue": null,
				"isHighestDegree": null,
				"createdBy": null,
				"createdOn": null,
				"updatedBy": null,
				"updatedOn": null,
				"flowId": null
			}],
			"hasMore": false,
			"totalResults": 0
		},
		"candidateEmployerMapBean": {
			"links": null,
			"items": [{
				"id": null,
				"candidateId": null,
				"employerName": "ARTO Recruitment",
				"employerId": null,
				"employmentTypeId": null,
				"employmentTypeName": null,
				"employerAddressId": null,
				"designationId": null,
				"designationName": "Consultant",
				"startDate": "2001-01-01",
				"endDate": "2009-01-01",
				"isCurrentEmployer": "N",
				"currentCtc": null,
				"currentFixedSalary": null,
				"currentVariableSalary": null,
				"currentCtcCurrency": null,
				"currentCtcCurrencyCode": null,
				"employerIndexStart": null,
				"employerIndexEnd": null,
				"createdBy": null,
				"createdOn": null,
				"updatedBy": null,
				"updatedOn": null,
				"flowId": null
			}, {
				"id": null,
				"candidateId": null,
				"employerName": "CS Works",
				"employerId": null,
				"employmentTypeId": null,
				"employmentTypeName": null,
				"employerAddressId": null,
				"designationId": null,
				"designationName": "Re-integratie adviseur",
				"startDate": "2010-04-01",
				"endDate": null,
				"isCurrentEmployer": "Y",
				"currentCtc": null,
				"currentFixedSalary": null,
				"currentVariableSalary": null,
				"currentCtcCurrency": null,
				"currentCtcCurrencyCode": null,
				"employerIndexStart": null,
				"employerIndexEnd": null,
				"createdBy": null,
				"createdOn": null,
				"updatedBy": null,
				"updatedOn": null,
				"flowId": null
			}, {
				"id": null,
				"candidateId": null,
				"employerName": "MFC Bouman Advies",
				"employerId": null,
				"employmentTypeId": null,
				"employmentTypeName": null,
				"employerAddressId": null,
				"designationId": null,
				"designationName": "Eigenaar",
				"startDate": "2010-01-01",
				"endDate": null,
				"isCurrentEmployer": "Y",
				"currentCtc": null,
				"currentFixedSalary": null,
				"currentVariableSalary": null,
				"currentCtcCurrency": null,
				"currentCtcCurrencyCode": null,
				"employerIndexStart": null,
				"employerIndexEnd": null,
				"createdBy": null,
				"createdOn": null,
				"updatedBy": null,
				"updatedOn": null,
				"flowId": null
			}, {
				"id": null,
				"candidateId": null,
				"employerName": "TrendRent",
				"employerId": null,
				"employmentTypeId": null,
				"employmentTypeName": null,
				"employerAddressId": null,
				"designationId": null,
				"designationName": "Expat Real Estate consultant",
				"startDate": "2000-01-01",
				"endDate": "2001-02-01",
				"isCurrentEmployer": "N",
				"currentCtc": null,
				"currentFixedSalary": null,
				"currentVariableSalary": null,
				"currentCtcCurrency": null,
				"currentCtcCurrencyCode": null,
				"employerIndexStart": null,
				"employerIndexEnd": null,
				"createdBy": null,
				"createdOn": null,
				"updatedBy": null,
				"updatedOn": null,
				"flowId": null
			}, {
				"id": null,
				"candidateId": null,
				"employerName": "VLABO Real Estate",
				"employerId": null,
				"employmentTypeId": null,
				"employmentTypeName": null,
				"employerAddressId": null,
				"designationId": null,
				"designationName": "OG Beheer",
				"startDate": "1998-01-01",
				"endDate": "2000-02-01",
				"isCurrentEmployer": "N",
				"currentCtc": null,
				"currentFixedSalary": null,
				"currentVariableSalary": null,
				"currentCtcCurrency": null,
				"currentCtcCurrencyCode": null,
				"employerIndexStart": null,
				"employerIndexEnd": null,
				"createdBy": null,
				"createdOn": null,
				"updatedBy": null,
				"updatedOn": null,
				"flowId": null
			}],
			"hasMore": false,
			"totalResults": 0
		},
		"candidateJobFamilyMapBean": null,
		"candidateSkillMapBean": {
			"links": null,
			"items": [{
				"id": null,
				"candidateId": null,
				"skill": "Career Counseling",
				"skillExprncMnth": null,
				"skillPrfcncy": null,
				"skillStrength": 1.0,
				"skillOccurrence": null,
				"skillIndex": null,
				"skillRecencyGap": null,
				"createdBy": null,
				"createdOn": null,
				"updatedBy": null,
				"updatedOn": null,
				"flowId": null
			}, {
				"id": null,
				"candidateId": null,
				"skill": "Management Development",
				"skillExprncMnth": null,
				"skillPrfcncy": null,
				"skillStrength": 1.0,
				"skillOccurrence": null,
				"skillIndex": null,
				"skillRecencyGap": null,
				"createdBy": null,
				"createdOn": null,
				"updatedBy": null,
				"updatedOn": null,
				"flowId": null
			}, {
				"id": null,
				"candidateId": null,
				"skill": "Personal Development",
				"skillExprncMnth": null,
				"skillPrfcncy": null,
				"skillStrength": 1.0,
				"skillOccurrence": null,
				"skillIndex": null,
				"skillRecencyGap": null,
				"createdBy": null,
				"createdOn": null,
				"updatedBy": null,
				"updatedOn": null,
				"flowId": null
			}, {
				"id": null,
				"candidateId": null,
				"skill": "Coaching",
				"skillExprncMnth": null,
				"skillPrfcncy": null,
				"skillStrength": 1.0,
				"skillOccurrence": null,
				"skillIndex": null,
				"skillRecencyGap": null,
				"createdBy": null,
				"createdOn": null,
				"updatedBy": null,
				"updatedOn": null,
				"flowId": null
			}, {
				"id": null,
				"candidateId": null,
				"skill": "HR Consulting",
				"skillExprncMnth": null,
				"skillPrfcncy": null,
				"skillStrength": 1.0,
				"skillOccurrence": null,
				"skillIndex": null,
				"skillRecencyGap": null,
				"createdBy": null,
				"createdOn": null,
				"updatedBy": null,
				"updatedOn": null,
				"flowId": null
			}, {
				"id": null,
				"candidateId": null,
				"skill": "Outplacement",
				"skillExprncMnth": null,
				"skillPrfcncy": null,
				"skillStrength": 1.0,
				"skillOccurrence": null,
				"skillIndex": null,
				"skillRecencyGap": null,
				"createdBy": null,
				"createdOn": null,
				"updatedBy": null,
				"updatedOn": null,
				"flowId": null
			}, {
				"id": null,
				"candidateId": null,
				"skill": "Talent Management",
				"skillExprncMnth": null,
				"skillPrfcncy": null,
				"skillStrength": 1.0,
				"skillOccurrence": null,
				"skillIndex": null,
				"skillRecencyGap": null,
				"createdBy": null,
				"createdOn": null,
				"updatedBy": null,
				"updatedOn": null,
				"flowId": null
			}, {
				"id": null,
				"candidateId": null,
				"skill": "360 Feedback",
				"skillExprncMnth": null,
				"skillPrfcncy": null,
				"skillStrength": 0.8,
				"skillOccurrence": null,
				"skillIndex": null,
				"skillRecencyGap": null,
				"createdBy": null,
				"createdOn": null,
				"updatedBy": null,
				"updatedOn": null,
				"flowId": null
			}, {
				"id": null,
				"candidateId": null,
				"skill": "Birkman",
				"skillExprncMnth": null,
				"skillPrfcncy": null,
				"skillStrength": 0.8,
				"skillOccurrence": null,
				"skillIndex": null,
				"skillRecencyGap": null,
				"createdBy": null,
				"createdOn": null,
				"updatedBy": null,
				"updatedOn": null,
				"flowId": null
			}, {
				"id": null,
				"candidateId": null,
				"skill": "Executive Coaching",
				"skillExprncMnth": null,
				"skillPrfcncy": null,
				"skillStrength": 0.8,
				"skillOccurrence": null,
				"skillIndex": null,
				"skillRecencyGap": null,
				"createdBy": null,
				"createdOn": null,
				"updatedBy": null,
				"updatedOn": null,
				"flowId": null
			}, {
				"id": null,
				"candidateId": null,
				"skill": "Career",
				"skillExprncMnth": null,
				"skillPrfcncy": null,
				"skillStrength": 0.8,
				"skillOccurrence": null,
				"skillIndex": null,
				"skillRecencyGap": null,
				"createdBy": null,
				"createdOn": null,
				"updatedBy": null,
				"updatedOn": null,
				"flowId": null
			}, {
				"id": null,
				"candidateId": null,
				"skill": "Executive Development",
				"skillExprncMnth": null,
				"skillPrfcncy": null,
				"skillStrength": 0.8,
				"skillOccurrence": null,
				"skillIndex": null,
				"skillRecencyGap": null,
				"createdBy": null,
				"createdOn": null,
				"updatedBy": null,
				"updatedOn": null,
				"flowId": null
			}, {
				"id": null,
				"candidateId": null,
				"skill": "Career Changers",
				"skillExprncMnth": null,
				"skillPrfcncy": null,
				"skillStrength": 0.8,
				"skillOccurrence": null,
				"skillIndex": null,
				"skillRecencyGap": null,
				"createdBy": null,
				"createdOn": null,
				"updatedBy": null,
				"updatedOn": null,
				"flowId": null
			}, {
				"id": null,
				"candidateId": null,
				"skill": "Management Development",
				"skillExprncMnth": null,
				"skillPrfcncy": null,
				"skillStrength": 0.8,
				"skillOccurrence": null,
				"skillIndex": null,
				"skillRecencyGap": null,
				"createdBy": null,
				"createdOn": null,
				"updatedBy": null,
				"updatedOn": null,
				"flowId": null
			}, {
				"id": null,
				"candidateId": null,
				"skill": "Career Management",
				"skillExprncMnth": null,
				"skillPrfcncy": null,
				"skillStrength": 0.8,
				"skillOccurrence": null,
				"skillIndex": null,
				"skillRecencyGap": null,
				"createdBy": null,
				"createdOn": null,
				"updatedBy": null,
				"updatedOn": null,
				"flowId": null
			}, {
				"id": null,
				"candidateId": null,
				"skill": "MBTI",
				"skillExprncMnth": null,
				"skillPrfcncy": null,
				"skillStrength": 0.8,
				"skillOccurrence": null,
				"skillIndex": null,
				"skillRecencyGap": null,
				"createdBy": null,
				"createdOn": null,
				"updatedBy": null,
				"updatedOn": null,
				"flowId": null
			}, {
				"id": null,
				"candidateId": null,
				"skill": "Career Transition Services",
				"skillExprncMnth": null,
				"skillPrfcncy": null,
				"skillStrength": 0.8,
				"skillOccurrence": null,
				"skillIndex": null,
				"skillRecencyGap": null,
				"createdBy": null,
				"createdOn": null,
				"updatedBy": null,
				"updatedOn": null,
				"flowId": null
			}, {
				"id": null,
				"candidateId": null,
				"skill": "NLP",
				"skillExprncMnth": null,
				"skillPrfcncy": null,
				"skillStrength": 0.8,
				"skillOccurrence": null,
				"skillIndex": null,
				"skillRecencyGap": null,
				"createdBy": null,
				"createdOn": null,
				"updatedBy": null,
				"updatedOn": null,
				"flowId": null
			}, {
				"id": null,
				"candidateId": null,
				"skill": "Career Transitioning",
				"skillExprncMnth": null,
				"skillPrfcncy": null,
				"skillStrength": 0.8,
				"skillOccurrence": null,
				"skillIndex": null,
				"skillRecencyGap": null,
				"createdBy": null,
				"createdOn": null,
				"updatedBy": null,
				"updatedOn": null,
				"flowId": null
			}, {
				"id": null,
				"candidateId": null,
				"skill": "Outplacement",
				"skillExprncMnth": null,
				"skillPrfcncy": null,
				"skillStrength": 0.8,
				"skillOccurrence": null,
				"skillIndex": null,
				"skillRecencyGap": null,
				"createdBy": null,
				"createdOn": null,
				"updatedBy": null,
				"updatedOn": null,
				"flowId": null
			}, {
				"id": null,
				"candidateId": null,
				"skill": "Job Transition",
				"skillExprncMnth": null,
				"skillPrfcncy": null,
				"skillStrength": 0.8,
				"skillOccurrence": null,
				"skillIndex": null,
				"skillRecencyGap": null,
				"createdBy": null,
				"createdOn": null,
				"updatedBy": null,
				"updatedOn": null,
				"flowId": null
			}, {
				"id": null,
				"candidateId": null,
				"skill": "Personal Coaching",
				"skillExprncMnth": null,
				"skillPrfcncy": null,
				"skillStrength": 0.8,
				"skillOccurrence": null,
				"skillIndex": null,
				"skillRecencyGap": null,
				"createdBy": null,
				"createdOn": null,
				"updatedBy": null,
				"updatedOn": null,
				"flowId": null
			}, {
				"id": null,
				"candidateId": null,
				"skill": "OPQ",
				"skillExprncMnth": null,
				"skillPrfcncy": null,
				"skillStrength": 0.8,
				"skillOccurrence": null,
				"skillIndex": null,
				"skillRecencyGap": null,
				"createdBy": null,
				"createdOn": null,
				"updatedBy": null,
				"updatedOn": null,
				"flowId": null
			}, {
				"id": null,
				"candidateId": null,
				"skill": "Personal Development",
				"skillExprncMnth": null,
				"skillPrfcncy": null,
				"skillStrength": 0.8,
				"skillOccurrence": null,
				"skillIndex": null,
				"skillRecencyGap": null,
				"createdBy": null,
				"createdOn": null,
				"updatedBy": null,
				"updatedOn": null,
				"flowId": null
			}, {
				"id": null,
				"candidateId": null,
				"skill": "Personal Coaching",
				"skillExprncMnth": null,
				"skillPrfcncy": null,
				"skillStrength": 0.8,
				"skillOccurrence": null,
				"skillIndex": null,
				"skillRecencyGap": null,
				"createdBy": null,
				"createdOn": null,
				"updatedBy": null,
				"updatedOn": null,
				"flowId": null
			}],
			"hasMore": false,
			"totalResults": 0
		},
		"candidateProjectMapBean": null,
		"requisitionCandidateMappingBean": null
	},
	"social": {
		"id": null,
		"candidateId": null,
		"interests": null,
		"hobbies": null,
		"professionalSummary": null,
		"objective": null,
		"stackoverflowRank": null,
		"imageUrl": null,
		"linkedinUrl": "http://in.linkedin.com/pub/fleur-bouman/22/334/258",
		"twitterUrl": null,
		"facebookUrl": null,
		"maritalStatus": null,
		"blogLink": null,
		"followers": null,
		"following": null,
		"socialExt": null
	},
	"crm": null
}