{
	"candidate": {
		"id": null,
		"displayId": null,
		"title": null,
		"firstName": "Anjan",
		"middleName": null,
		"lastName": "Chatterjee",
		"genderDisplay": null,
		"genderCode": null,
		"currentRole": null,
		"currentDomain": "Consumer Goods",
		"dateOfBirth": null,
		"noticePeriodDays": null,
		"totalExperienceMnth": 152,
		"experienceInCurrentRoleMnth": null,
		"experienceInCurrentDomainMnth": null,
		"currentCtc": null,
		"currentCtcCurrencyName": null,
		"currentCtcCurrencyCode": null,
		"expectedCtc": null,
		"expectedCtcCurrencyName": null,
		"expectedCtcCurrencyCode": null,
		"status": null,
		"statusCode": null,
		"primaryEmailId": null,
		"primaryEmailIdType": null,
		"secondaryEmailId": null,
		"secondaryEmailIdType": null,
		"primaryContactNumberCountryCode": null,
		"primaryContactNumber": null,
		"primaryContactNumberType": null,
		"secondaryContactNumberCountryCode": null,
		"secondaryContactNumber": null,
		"secondaryContactNumberType": null,
		"locationId": null,
		"locationName": "London",
		"locationType": null,
		"prefLocation1Id": null,
		"prefLocation1Name": null,
		"prefLocation1Type": null,
		"prefLocation2Id": null,
		"prefLocation2Name": null,
		"prefLocation2Type": null,
		"prefLocation3Id": null,
		"prefLocation3Name": null,
		"prefLocation3Type": null,
		"clientCreatedOn": null,
		"clientUpdatedOn": null,
		"sourceName": "Open Web",
		"sourceNameId": null,
		"sourceType": "Open Web",
		"sourceTypeId": null,
		"createdBy": null,
		"createdOn": null,
		"updatedBy": null,
		"updatedOn": null,
		"flowId": "createdWithWebScraper",
		"duplicate": null,
		"candidateUrl": null,
		"requisitionIds": null,
		"entityAddressBean": null,
		"candidateEducationMapBean": {
			"links": null,
			"items": [{
				"id": null,
				"candidateId": null,
				"instituteId": null,
				"instituteName": "Indian Institute of Technology, Madras",
				"instituteAddressId": null,
				"degreeId": null,
				"degreeName": "M Tech, production Engg",
				"major": null,
				"enrolledDate": "1987-01-01",
				"passoutDate": "1989-01-01",
				"gradeTypeId": null,
				"gradeTypeName": null,
				"gradeMaxValue": null,
				"isHighestDegree": null,
				"createdBy": null,
				"createdOn": null,
				"updatedBy": null,
				"updatedOn": null,
				"flowId": null
			}, {
				"id": null,
				"candidateId": null,
				"instituteId": null,
				"instituteName": "National Institute of Technology Kurukshetra",
				"instituteAddressId": null,
				"degreeId": null,
				"degreeName": "BE, Mechanical engg",
				"major": null,
				"enrolledDate": "1981-01-01",
				"passoutDate": "1986-01-01",
				"gradeTypeId": null,
				"gradeTypeName": null,
				"gradeMaxValue": null,
				"isHighestDegree": null,
				"createdBy": null,
				"createdOn": null,
				"updatedBy": null,
				"updatedOn": null,
				"flowId": null
			}],
			"hasMore": false,
			"totalResults": 0
		},
		"candidateEmployerMapBean": {
			"links": null,
			"items": [{
				"id": null,
				"candidateId": null,
				"employerName": "Eicher Tractors",
				"employerId": null,
				"employmentTypeId": null,
				"employmentTypeName": null,
				"employerAddressId": null,
				"designationId": null,
				"designationName": "Deputy Manager - Production",
				"startDate": "1989-01-01",
				"endDate": "1992-01-01",
				"isCurrentEmployer": "N",
				"currentCtc": null,
				"currentFixedSalary": null,
				"currentVariableSalary": null,
				"currentCtcCurrency": null,
				"currentCtcCurrencyCode": null,
				"employerIndexStart": null,
				"employerIndexEnd": null,
				"createdBy": null,
				"createdOn": null,
				"updatedBy": null,
				"updatedOn": null,
				"flowId": null
			}, {
				"id": null,
				"candidateId": null,
				"employerName": "Hindustan Unilever Ltd",
				"employerId": null,
				"employmentTypeId": null,
				"employmentTypeName": null,
				"employerAddressId": null,
				"designationId": null,
				"designationName": "Technical head- Exports",
				"startDate": "2007-01-01",
				"endDate": "2010-01-01",
				"isCurrentEmployer": "N",
				"currentCtc": null,
				"currentFixedSalary": null,
				"currentVariableSalary": null,
				"currentCtcCurrency": null,
				"currentCtcCurrencyCode": null,
				"employerIndexStart": null,
				"employerIndexEnd": null,
				"createdBy": null,
				"createdOn": null,
				"updatedBy": null,
				"updatedOn": null,
				"flowId": null
			}, {
				"id": null,
				"candidateId": null,
				"employerName": "Hindustan Unilever Ltd",
				"employerId": null,
				"employmentTypeId": null,
				"employmentTypeName": null,
				"employerAddressId": null,
				"designationId": null,
				"designationName": "General Manager-Exports",
				"startDate": "2010-01-01",
				"endDate": "2011-10-01",
				"isCurrentEmployer": "N",
				"currentCtc": null,
				"currentFixedSalary": null,
				"currentVariableSalary": null,
				"currentCtcCurrency": null,
				"currentCtcCurrencyCode": null,
				"employerIndexStart": null,
				"employerIndexEnd": null,
				"createdBy": null,
				"createdOn": null,
				"updatedBy": null,
				"updatedOn": null,
				"flowId": null
			}, {
				"id": null,
				"candidateId": null,
				"employerName": "Hindustan Unilever Ltd",
				"employerId": null,
				"employmentTypeId": null,
				"employmentTypeName": null,
				"employerAddressId": null,
				"designationId": null,
				"designationName": "General Manager Supply Chain-Home Care",
				"startDate": "2011-06-01",
				"endDate": "2014-11-01",
				"isCurrentEmployer": "N",
				"currentCtc": null,
				"currentFixedSalary": null,
				"currentVariableSalary": null,
				"currentCtcCurrency": null,
				"currentCtcCurrencyCode": null,
				"employerIndexStart": null,
				"employerIndexEnd": null,
				"createdBy": null,
				"createdOn": null,
				"updatedBy": null,
				"updatedOn": null,
				"flowId": null
			}, {
				"id": null,
				"candidateId": null,
				"employerName": "Unilever PLC",
				"employerId": null,
				"employmentTypeId": null,
				"employmentTypeName": null,
				"employerAddressId": null,
				"designationId": null,
				"designationName": "Program Director- House Hold Care",
				"startDate": "2014-10-01",
				"endDate": null,
				"isCurrentEmployer": "Y",
				"currentCtc": null,
				"currentFixedSalary": null,
				"currentVariableSalary": null,
				"currentCtcCurrency": null,
				"currentCtcCurrencyCode": null,
				"employerIndexStart": null,
				"employerIndexEnd": null,
				"createdBy": null,
				"createdOn": null,
				"updatedBy": null,
				"updatedOn": null,
				"flowId": null
			}],
			"hasMore": false,
			"totalResults": 0
		},
		"candidateJobFamilyMapBean": null,
		"candidateSkillMapBean": {
			"links": null,
			"items": [{
				"id": null,
				"candidateId": null,
				"skill": "Demand",
				"skillExprncMnth": null,
				"skillPrfcncy": null,
				"skillStrength": 1.0,
				"skillOccurrence": null,
				"skillIndex": null,
				"skillRecencyGap": null,
				"createdBy": null,
				"createdOn": null,
				"updatedBy": null,
				"updatedOn": null,
				"flowId": null
			}, {
				"id": null,
				"candidateId": null,
				"skill": "Customer Marketing",
				"skillExprncMnth": null,
				"skillPrfcncy": null,
				"skillStrength": 1.0,
				"skillOccurrence": null,
				"skillIndex": null,
				"skillRecencyGap": null,
				"createdBy": null,
				"createdOn": null,
				"updatedBy": null,
				"updatedOn": null,
				"flowId": null
			}, {
				"id": null,
				"candidateId": null,
				"skill": "Personal Care",
				"skillExprncMnth": null,
				"skillPrfcncy": null,
				"skillStrength": 1.0,
				"skillOccurrence": null,
				"skillIndex": null,
				"skillRecencyGap": null,
				"createdBy": null,
				"createdOn": null,
				"updatedBy": null,
				"updatedOn": null,
				"flowId": null
			}, {
				"id": null,
				"candidateId": null,
				"skill": "General Management",
				"skillExprncMnth": null,
				"skillPrfcncy": null,
				"skillStrength": 1.0,
				"skillOccurrence": null,
				"skillIndex": null,
				"skillRecencyGap": null,
				"createdBy": null,
				"createdOn": null,
				"updatedBy": null,
				"updatedOn": null,
				"flowId": null
			}, {
				"id": null,
				"candidateId": null,
				"skill": "FMCG",
				"skillExprncMnth": null,
				"skillPrfcncy": null,
				"skillStrength": 1.0,
				"skillOccurrence": null,
				"skillIndex": null,
				"skillRecencyGap": null,
				"createdBy": null,
				"createdOn": null,
				"updatedBy": null,
				"updatedOn": null,
				"flowId": null
			}, {
				"id": null,
				"candidateId": null,
				"skill": "Consumer Products",
				"skillExprncMnth": null,
				"skillPrfcncy": null,
				"skillStrength": 1.0,
				"skillOccurrence": null,
				"skillIndex": null,
				"skillRecencyGap": null,
				"createdBy": null,
				"createdOn": null,
				"updatedBy": null,
				"updatedOn": null,
				"flowId": null
			}, {
				"id": null,
				"candidateId": null,
				"skill": "Supply Chain",
				"skillExprncMnth": null,
				"skillPrfcncy": null,
				"skillStrength": 1.0,
				"skillOccurrence": null,
				"skillIndex": null,
				"skillRecencyGap": null,
				"createdBy": null,
				"createdOn": null,
				"updatedBy": null,
				"updatedOn": null,
				"flowId": null
			}, {
				"id": null,
				"candidateId": null,
				"skill": "Supply Chain Operations",
				"skillExprncMnth": null,
				"skillPrfcncy": null,
				"skillStrength": 1.0,
				"skillOccurrence": null,
				"skillIndex": null,
				"skillRecencyGap": null,
				"createdBy": null,
				"createdOn": null,
				"updatedBy": null,
				"updatedOn": null,
				"flowId": null
			}, {
				"id": null,
				"candidateId": null,
				"skill": "Distributed Team Management",
				"skillExprncMnth": null,
				"skillPrfcncy": null,
				"skillStrength": 1.0,
				"skillOccurrence": null,
				"skillIndex": null,
				"skillRecencyGap": null,
				"createdBy": null,
				"createdOn": null,
				"updatedBy": null,
				"updatedOn": null,
				"flowId": null
			}, {
				"id": null,
				"candidateId": null,
				"skill": "Retail",
				"skillExprncMnth": null,
				"skillPrfcncy": null,
				"skillStrength": 1.0,
				"skillOccurrence": null,
				"skillIndex": null,
				"skillRecencyGap": null,
				"createdBy": null,
				"createdOn": null,
				"updatedBy": null,
				"updatedOn": null,
				"flowId": null
			}, {
				"id": null,
				"candidateId": null,
				"skill": "Consumer Goods",
				"skillExprncMnth": null,
				"skillPrfcncy": null,
				"skillStrength": 1.0,
				"skillOccurrence": null,
				"skillIndex": null,
				"skillRecencyGap": null,
				"createdBy": null,
				"createdOn": null,
				"updatedBy": null,
				"updatedOn": null,
				"flowId": null
			}, {
				"id": null,
				"candidateId": null,
				"skill": "Demand Planning",
				"skillExprncMnth": null,
				"skillPrfcncy": null,
				"skillStrength": 1.0,
				"skillOccurrence": null,
				"skillIndex": null,
				"skillRecencyGap": null,
				"createdBy": null,
				"createdOn": null,
				"updatedBy": null,
				"updatedOn": null,
				"flowId": null
			}, {
				"id": null,
				"candidateId": null,
				"skill": "Supply Chain Management",
				"skillExprncMnth": null,
				"skillPrfcncy": null,
				"skillStrength": 1.0,
				"skillOccurrence": null,
				"skillIndex": null,
				"skillRecencyGap": null,
				"createdBy": null,
				"createdOn": null,
				"updatedBy": null,
				"updatedOn": null,
				"flowId": null
			}, {
				"id": null,
				"candidateId": null,
				"skill": "Manufacturing",
				"skillExprncMnth": null,
				"skillPrfcncy": null,
				"skillStrength": 1.0,
				"skillOccurrence": null,
				"skillIndex": null,
				"skillRecencyGap": null,
				"createdBy": null,
				"createdOn": null,
				"updatedBy": null,
				"updatedOn": null,
				"flowId": null
			}, {
				"id": null,
				"candidateId": null,
				"skill": "Lean Manufacturing",
				"skillExprncMnth": null,
				"skillPrfcncy": null,
				"skillStrength": 1.0,
				"skillOccurrence": null,
				"skillIndex": null,
				"skillRecencyGap": null,
				"createdBy": null,
				"createdOn": null,
				"updatedBy": null,
				"updatedOn": null,
				"flowId": null
			}, {
				"id": null,
				"candidateId": null,
				"skill": "AC Nielsen",
				"skillExprncMnth": null,
				"skillPrfcncy": null,
				"skillStrength": 0.8,
				"skillOccurrence": null,
				"skillIndex": null,
				"skillRecencyGap": null,
				"createdBy": null,
				"createdOn": null,
				"updatedBy": null,
				"updatedOn": null,
				"flowId": null
			}, {
				"id": null,
				"candidateId": null,
				"skill": "Categorization",
				"skillExprncMnth": null,
				"skillPrfcncy": null,
				"skillStrength": 0.8,
				"skillOccurrence": null,
				"skillIndex": null,
				"skillRecencyGap": null,
				"createdBy": null,
				"createdOn": null,
				"updatedBy": null,
				"updatedOn": null,
				"flowId": null
			}, {
				"id": null,
				"candidateId": null,
				"skill": "Customer Marketing",
				"skillExprncMnth": null,
				"skillPrfcncy": null,
				"skillStrength": 0.8,
				"skillOccurrence": null,
				"skillIndex": null,
				"skillRecencyGap": null,
				"createdBy": null,
				"createdOn": null,
				"updatedBy": null,
				"updatedOn": null,
				"flowId": null
			}, {
				"id": null,
				"candidateId": null,
				"skill": "Direct Store Delivery",
				"skillExprncMnth": null,
				"skillPrfcncy": null,
				"skillStrength": 0.8,
				"skillOccurrence": null,
				"skillIndex": null,
				"skillRecencyGap": null,
				"createdBy": null,
				"createdOn": null,
				"updatedBy": null,
				"updatedOn": null,
				"flowId": null
			}, {
				"id": null,
				"candidateId": null,
				"skill": "IRI",
				"skillExprncMnth": null,
				"skillPrfcncy": null,
				"skillStrength": 0.8,
				"skillOccurrence": null,
				"skillIndex": null,
				"skillRecencyGap": null,
				"createdBy": null,
				"createdOn": null,
				"updatedBy": null,
				"updatedOn": null,
				"flowId": null
			}, {
				"id": null,
				"candidateId": null,
				"skill": "Nielsen",
				"skillExprncMnth": null,
				"skillPrfcncy": null,
				"skillStrength": 0.8,
				"skillOccurrence": null,
				"skillIndex": null,
				"skillRecencyGap": null,
				"createdBy": null,
				"createdOn": null,
				"updatedBy": null,
				"updatedOn": null,
				"flowId": null
			}, {
				"id": null,
				"candidateId": null,
				"skill": "ProSpace",
				"skillExprncMnth": null,
				"skillPrfcncy": null,
				"skillStrength": 0.8,
				"skillOccurrence": null,
				"skillIndex": null,
				"skillRecencyGap": null,
				"createdBy": null,
				"createdOn": null,
				"updatedBy": null,
				"updatedOn": null,
				"flowId": null
			}, {
				"id": null,
				"candidateId": null,
				"skill": "Shopper Marketing",
				"skillExprncMnth": null,
				"skillPrfcncy": null,
				"skillStrength": 0.8,
				"skillOccurrence": null,
				"skillIndex": null,
				"skillRecencyGap": null,
				"createdBy": null,
				"createdOn": null,
				"updatedBy": null,
				"updatedOn": null,
				"flowId": null
			}, {
				"id": null,
				"candidateId": null,
				"skill": "Spectra",
				"skillExprncMnth": null,
				"skillPrfcncy": null,
				"skillStrength": 0.8,
				"skillOccurrence": null,
				"skillIndex": null,
				"skillRecencyGap": null,
				"createdBy": null,
				"createdOn": null,
				"updatedBy": null,
				"updatedOn": null,
				"flowId": null
			}, {
				"id": null,
				"candidateId": null,
				"skill": "Brand Finance",
				"skillExprncMnth": null,
				"skillPrfcncy": null,
				"skillStrength": 0.4,
				"skillOccurrence": null,
				"skillIndex": null,
				"skillRecencyGap": null,
				"createdBy": null,
				"createdOn": null,
				"updatedBy": null,
				"updatedOn": null,
				"flowId": null
			}],
			"hasMore": false,
			"totalResults": 0
		},
		"candidateProjectMapBean": null,
		"requisitionCandidateMappingBean": null
	},
	"social": {
		"id": null,
		"candidateId": null,
		"interests": null,
		"hobbies": null,
		"professionalSummary": null,
		"objective": null,
		"stackoverflowRank": null,
		"imageUrl": null,
		"linkedinUrl": "https://in.linkedin.com/pub/anjan-chatterjee/3/807/454",
		"twitterUrl": null,
		"facebookUrl": null,
		"maritalStatus": null,
		"blogLink": null,
		"followers": null,
		"following": null,
		"socialExt": null
	},
	"crm": null
}