{
	"candidate": {
		"id": null,
		"displayId": null,
		"title": null,
		"firstName": "Sajal",
		"middleName": null,
		"lastName": "Dass",
		"genderDisplay": null,
		"genderCode": null,
		"currentRole": null,
		"currentDomain": "Insurance",
		"dateOfBirth": null,
		"noticePeriodDays": null,
		"totalExperienceMnth": 530,
		"experienceInCurrentRoleMnth": null,
		"experienceInCurrentDomainMnth": null,
		"currentCtc": null,
		"currentCtcCurrencyName": null,
		"currentCtcCurrencyCode": null,
		"expectedCtc": null,
		"expectedCtcCurrencyName": null,
		"expectedCtcCurrencyCode": null,
		"status": null,
		"statusCode": null,
		"primaryEmailId": null,
		"primaryEmailIdType": null,
		"secondaryEmailId": null,
		"secondaryEmailIdType": null,
		"primaryContactNumberCountryCode": null,
		"primaryContactNumber": null,
		"primaryContactNumberType": null,
		"secondaryContactNumberCountryCode": null,
		"secondaryContactNumber": null,
		"secondaryContactNumberType": null,
		"locationId": null,
		"locationName": "Kolkata, India",
		"locationType": null,
		"prefLocation1Id": null,
		"prefLocation1Name": null,
		"prefLocation1Type": null,
		"prefLocation2Id": null,
		"prefLocation2Name": null,
		"prefLocation2Type": null,
		"prefLocation3Id": null,
		"prefLocation3Name": null,
		"prefLocation3Type": null,
		"clientCreatedOn": null,
		"clientUpdatedOn": null,
		"sourceName": "Open Web",
		"sourceNameId": null,
		"sourceType": "Open Web",
		"sourceTypeId": null,
		"createdBy": null,
		"createdOn": null,
		"updatedBy": null,
		"updatedOn": null,
		"flowId": "createdWithWebScraper",
		"duplicate": null,
		"candidateUrl": null,
		"requisitionIds": null,
		"entityAddressBean": null,
		"candidateEducationMapBean": {
			"links": null,
			"items": [{
				"id": null,
				"candidateId": null,
				"instituteId": null,
				"instituteName": "University of Calcutta",
				"instituteAddressId": null,
				"degreeId": null,
				"degreeName": "B.Sc Pure Science",
				"major": null,
				"enrolledDate": null,
				"passoutDate": null,
				"gradeTypeId": null,
				"gradeTypeName": null,
				"gradeMaxValue": null,
				"isHighestDegree": null,
				"createdBy": null,
				"createdOn": null,
				"updatedBy": null,
				"updatedOn": null,
				"flowId": null
			}],
			"hasMore": false,
			"totalResults": 0
		},
		"candidateEmployerMapBean": {
			"links": null,
			"items": [{
				"id": null,
				"candidateId": null,
				"employerName": "2005-2008 Medicare TPA Services (I) Pvt. Ltd",
				"employerId": null,
				"employmentTypeId": null,
				"employmentTypeName": null,
				"employerAddressId": null,
				"designationId": null,
				"designationName": "AVP Operations",
				"startDate": "2005-10-01",
				"endDate": "2008-05-01",
				"isCurrentEmployer": "N",
				"currentCtc": null,
				"currentFixedSalary": null,
				"currentVariableSalary": null,
				"currentCtcCurrency": null,
				"currentCtcCurrencyCode": null,
				"employerIndexStart": null,
				"employerIndexEnd": null,
				"createdBy": null,
				"createdOn": null,
				"updatedBy": null,
				"updatedOn": null,
				"flowId": null
			}, {
				"id": null,
				"candidateId": null,
				"employerName": "Medi Assist India TPA Pvt. Ltd",
				"employerId": null,
				"employmentTypeId": null,
				"employmentTypeName": null,
				"employerAddressId": null,
				"designationId": null,
				"designationName": "Senior Manager Operations",
				"startDate": "2008-10-01",
				"endDate": "2009-05-01",
				"isCurrentEmployer": "N",
				"currentCtc": null,
				"currentFixedSalary": null,
				"currentVariableSalary": null,
				"currentCtcCurrency": null,
				"currentCtcCurrencyCode": null,
				"employerIndexStart": null,
				"employerIndexEnd": null,
				"createdBy": null,
				"createdOn": null,
				"updatedBy": null,
				"updatedOn": null,
				"flowId": null
			}, {
				"id": null,
				"candidateId": null,
				"employerName": "Medicare T.P.A services (I) Pvt.Ltd",
				"employerId": null,
				"employmentTypeId": null,
				"employmentTypeName": null,
				"employerAddressId": null,
				"designationId": null,
				"designationName": "Head Enrolment",
				"startDate": "2005-01-01",
				"endDate": "2008-01-01",
				"isCurrentEmployer": "N",
				"currentCtc": null,
				"currentFixedSalary": null,
				"currentVariableSalary": null,
				"currentCtcCurrency": null,
				"currentCtcCurrencyCode": null,
				"employerIndexStart": null,
				"employerIndexEnd": null,
				"createdBy": null,
				"createdOn": null,
				"updatedBy": null,
				"updatedOn": null,
				"flowId": null
			}, {
				"id": null,
				"candidateId": null,
				"employerName": "Medicare TPA Services (I) Pvt. Ltd",
				"employerId": null,
				"employmentTypeId": null,
				"employmentTypeName": null,
				"employerAddressId": null,
				"designationId": null,
				"designationName": "Executive Vice President Operationjs",
				"startDate": "2013-01-01",
				"endDate": null,
				"isCurrentEmployer": "Y",
				"currentCtc": null,
				"currentFixedSalary": null,
				"currentVariableSalary": null,
				"currentCtcCurrency": null,
				"currentCtcCurrencyCode": null,
				"employerIndexStart": null,
				"employerIndexEnd": null,
				"createdBy": null,
				"createdOn": null,
				"updatedBy": null,
				"updatedOn": null,
				"flowId": null
			}, {
				"id": null,
				"candidateId": null,
				"employerName": "Standard Chartered Bank",
				"employerId": null,
				"employmentTypeId": null,
				"employmentTypeName": null,
				"employerAddressId": null,
				"designationId": null,
				"designationName": "Zonal Manager Service Delivery",
				"startDate": "2000-01-01",
				"endDate": "2002-02-01",
				"isCurrentEmployer": "N",
				"currentCtc": null,
				"currentFixedSalary": null,
				"currentVariableSalary": null,
				"currentCtcCurrency": null,
				"currentCtcCurrencyCode": null,
				"employerIndexStart": null,
				"employerIndexEnd": null,
				"createdBy": null,
				"createdOn": null,
				"updatedBy": null,
				"updatedOn": null,
				"flowId": null
			}, {
				"id": null,
				"candidateId": null,
				"employerName": "Standard Chartered Bank Kolkata",
				"employerId": null,
				"employmentTypeId": null,
				"employmentTypeName": null,
				"employerAddressId": null,
				"designationId": null,
				"designationName": "Staff",
				"startDate": "1969-01-01",
				"endDate": "1984-02-01",
				"isCurrentEmployer": "N",
				"currentCtc": null,
				"currentFixedSalary": null,
				"currentVariableSalary": null,
				"currentCtcCurrency": null,
				"currentCtcCurrencyCode": null,
				"employerIndexStart": null,
				"employerIndexEnd": null,
				"createdBy": null,
				"createdOn": null,
				"updatedBy": null,
				"updatedOn": null,
				"flowId": null
			}, {
				"id": null,
				"candidateId": null,
				"employerName": "Standard Chartered Bank Kolkata",
				"employerId": null,
				"employmentTypeId": null,
				"employmentTypeName": null,
				"employerAddressId": null,
				"designationId": null,
				"designationName": "Officer",
				"startDate": "1984-01-01",
				"endDate": "1986-02-01",
				"isCurrentEmployer": "N",
				"currentCtc": null,
				"currentFixedSalary": null,
				"currentVariableSalary": null,
				"currentCtcCurrency": null,
				"currentCtcCurrencyCode": null,
				"employerIndexStart": null,
				"employerIndexEnd": null,
				"createdBy": null,
				"createdOn": null,
				"updatedBy": null,
				"updatedOn": null,
				"flowId": null
			}, {
				"id": null,
				"candidateId": null,
				"employerName": "Standard Chartered Bank Kolkata",
				"employerId": null,
				"employmentTypeId": null,
				"employmentTypeName": null,
				"employerAddressId": null,
				"designationId": null,
				"designationName": "EDP Officer including Systems implementation",
				"startDate": "1987-01-01",
				"endDate": "1988-02-01",
				"isCurrentEmployer": "N",
				"currentCtc": null,
				"currentFixedSalary": null,
				"currentVariableSalary": null,
				"currentCtcCurrency": null,
				"currentCtcCurrencyCode": null,
				"employerIndexStart": null,
				"employerIndexEnd": null,
				"createdBy": null,
				"createdOn": null,
				"updatedBy": null,
				"updatedOn": null,
				"flowId": null
			}, {
				"id": null,
				"candidateId": null,
				"employerName": "Standard Chartered Bank Kolkata",
				"employerId": null,
				"employmentTypeId": null,
				"employmentTypeName": null,
				"employerAddressId": null,
				"designationId": null,
				"designationName": "Branch Manger",
				"startDate": "1989-01-01",
				"endDate": "1994-02-01",
				"isCurrentEmployer": "N",
				"currentCtc": null,
				"currentFixedSalary": null,
				"currentVariableSalary": null,
				"currentCtcCurrency": null,
				"currentCtcCurrencyCode": null,
				"employerIndexStart": null,
				"employerIndexEnd": null,
				"createdBy": null,
				"createdOn": null,
				"updatedBy": null,
				"updatedOn": null,
				"flowId": null
			}, {
				"id": null,
				"candidateId": null,
				"employerName": "Standard Chartered Bank Kolkata",
				"employerId": null,
				"employmentTypeId": null,
				"employmentTypeName": null,
				"employerAddressId": null,
				"designationId": null,
				"designationName": "Manager Loan Centre",
				"startDate": "1994-01-01",
				"endDate": "2000-02-01",
				"isCurrentEmployer": "N",
				"currentCtc": null,
				"currentFixedSalary": null,
				"currentVariableSalary": null,
				"currentCtcCurrency": null,
				"currentCtcCurrencyCode": null,
				"employerIndexStart": null,
				"employerIndexEnd": null,
				"createdBy": null,
				"createdOn": null,
				"updatedBy": null,
				"updatedOn": null,
				"flowId": null
			}, {
				"id": null,
				"candidateId": null,
				"employerName": "UJJIVAN FINANCIAL SERVICES",
				"employerId": null,
				"employmentTypeId": null,
				"employmentTypeName": null,
				"employerAddressId": null,
				"designationId": null,
				"designationName": "Manager Credit East",
				"startDate": "2009-01-01",
				"endDate": "2011-01-01",
				"isCurrentEmployer": "N",
				"currentCtc": null,
				"currentFixedSalary": null,
				"currentVariableSalary": null,
				"currentCtcCurrency": null,
				"currentCtcCurrencyCode": null,
				"employerIndexStart": null,
				"employerIndexEnd": null,
				"createdBy": null,
				"createdOn": null,
				"updatedBy": null,
				"updatedOn": null,
				"flowId": null
			}, {
				"id": null,
				"candidateId": null,
				"employerName": "Ujjivan Financial Services Pvt. Ltd",
				"employerId": null,
				"employmentTypeId": null,
				"employmentTypeName": null,
				"employerAddressId": null,
				"designationId": null,
				"designationName": "Manager Credit East",
				"startDate": "2009-08-01",
				"endDate": "2011-02-01",
				"isCurrentEmployer": "N",
				"currentCtc": null,
				"currentFixedSalary": null,
				"currentVariableSalary": null,
				"currentCtcCurrency": null,
				"currentCtcCurrencyCode": null,
				"employerIndexStart": null,
				"employerIndexEnd": null,
				"createdBy": null,
				"createdOn": null,
				"updatedBy": null,
				"updatedOn": null,
				"flowId": null
			}],
			"hasMore": false,
			"totalResults": 0
		},
		"candidateJobFamilyMapBean": null,
		"candidateSkillMapBean": {
			"links": null,
			"items": [{
				"id": null,
				"candidateId": null,
				"skill": "Business Strategy",
				"skillExprncMnth": null,
				"skillPrfcncy": null,
				"skillStrength": 1.0,
				"skillOccurrence": null,
				"skillIndex": null,
				"skillRecencyGap": null,
				"createdBy": null,
				"createdOn": null,
				"updatedBy": null,
				"updatedOn": null,
				"flowId": null
			}, {
				"id": null,
				"candidateId": null,
				"skill": "Retail Banking",
				"skillExprncMnth": null,
				"skillPrfcncy": null,
				"skillStrength": 1.0,
				"skillOccurrence": null,
				"skillIndex": null,
				"skillRecencyGap": null,
				"createdBy": null,
				"createdOn": null,
				"updatedBy": null,
				"updatedOn": null,
				"flowId": null
			}, {
				"id": null,
				"candidateId": null,
				"skill": "Loans",
				"skillExprncMnth": null,
				"skillPrfcncy": null,
				"skillStrength": 1.0,
				"skillOccurrence": null,
				"skillIndex": null,
				"skillRecencyGap": null,
				"createdBy": null,
				"createdOn": null,
				"updatedBy": null,
				"updatedOn": null,
				"flowId": null
			}, {
				"id": null,
				"candidateId": null,
				"skill": "Strategic Financial Planning",
				"skillExprncMnth": null,
				"skillPrfcncy": null,
				"skillStrength": 1.0,
				"skillOccurrence": null,
				"skillIndex": null,
				"skillRecencyGap": null,
				"createdBy": null,
				"createdOn": null,
				"updatedBy": null,
				"updatedOn": null,
				"flowId": null
			}, {
				"id": null,
				"candidateId": null,
				"skill": "Portfolio Management",
				"skillExprncMnth": null,
				"skillPrfcncy": null,
				"skillStrength": 1.0,
				"skillOccurrence": null,
				"skillIndex": null,
				"skillRecencyGap": null,
				"createdBy": null,
				"createdOn": null,
				"updatedBy": null,
				"updatedOn": null,
				"flowId": null
			}, {
				"id": null,
				"candidateId": null,
				"skill": "Cross-functional Team Leadership",
				"skillExprncMnth": null,
				"skillPrfcncy": null,
				"skillStrength": 1.0,
				"skillOccurrence": null,
				"skillIndex": null,
				"skillRecencyGap": null,
				"createdBy": null,
				"createdOn": null,
				"updatedBy": null,
				"updatedOn": null,
				"flowId": null
			}, {
				"id": null,
				"candidateId": null,
				"skill": "Banking",
				"skillExprncMnth": null,
				"skillPrfcncy": null,
				"skillStrength": 1.0,
				"skillOccurrence": null,
				"skillIndex": null,
				"skillRecencyGap": null,
				"createdBy": null,
				"createdOn": null,
				"updatedBy": null,
				"updatedOn": null,
				"flowId": null
			}, {
				"id": null,
				"candidateId": null,
				"skill": "Human Resources",
				"skillExprncMnth": null,
				"skillPrfcncy": null,
				"skillStrength": 1.0,
				"skillOccurrence": null,
				"skillIndex": null,
				"skillRecencyGap": null,
				"createdBy": null,
				"createdOn": null,
				"updatedBy": null,
				"updatedOn": null,
				"flowId": null
			}, {
				"id": null,
				"candidateId": null,
				"skill": "Risk Management",
				"skillExprncMnth": null,
				"skillPrfcncy": null,
				"skillStrength": 1.0,
				"skillOccurrence": null,
				"skillIndex": null,
				"skillRecencyGap": null,
				"createdBy": null,
				"createdOn": null,
				"updatedBy": null,
				"updatedOn": null,
				"flowId": null
			}, {
				"id": null,
				"candidateId": null,
				"skill": "Training",
				"skillExprncMnth": null,
				"skillPrfcncy": null,
				"skillStrength": 1.0,
				"skillOccurrence": null,
				"skillIndex": null,
				"skillRecencyGap": null,
				"createdBy": null,
				"createdOn": null,
				"updatedBy": null,
				"updatedOn": null,
				"flowId": null
			}, {
				"id": null,
				"candidateId": null,
				"skill": "Credit",
				"skillExprncMnth": null,
				"skillPrfcncy": null,
				"skillStrength": 1.0,
				"skillOccurrence": null,
				"skillIndex": null,
				"skillRecencyGap": null,
				"createdBy": null,
				"createdOn": null,
				"updatedBy": null,
				"updatedOn": null,
				"flowId": null
			}, {
				"id": null,
				"candidateId": null,
				"skill": "Sales",
				"skillExprncMnth": null,
				"skillPrfcncy": null,
				"skillStrength": 1.0,
				"skillOccurrence": null,
				"skillIndex": null,
				"skillRecencyGap": null,
				"createdBy": null,
				"createdOn": null,
				"updatedBy": null,
				"updatedOn": null,
				"flowId": null
			}, {
				"id": null,
				"candidateId": null,
				"skill": "Investments",
				"skillExprncMnth": null,
				"skillPrfcncy": null,
				"skillStrength": 1.0,
				"skillOccurrence": null,
				"skillIndex": null,
				"skillRecencyGap": null,
				"createdBy": null,
				"createdOn": null,
				"updatedBy": null,
				"updatedOn": null,
				"flowId": null
			}, {
				"id": null,
				"candidateId": null,
				"skill": "Insurance",
				"skillExprncMnth": null,
				"skillPrfcncy": null,
				"skillStrength": 1.0,
				"skillOccurrence": null,
				"skillIndex": null,
				"skillRecencyGap": null,
				"createdBy": null,
				"createdOn": null,
				"updatedBy": null,
				"updatedOn": null,
				"flowId": null
			}, {
				"id": null,
				"candidateId": null,
				"skill": "Analysis",
				"skillExprncMnth": null,
				"skillPrfcncy": null,
				"skillStrength": 1.0,
				"skillOccurrence": null,
				"skillIndex": null,
				"skillRecencyGap": null,
				"createdBy": null,
				"createdOn": null,
				"updatedBy": null,
				"updatedOn": null,
				"flowId": null
			}, {
				"id": null,
				"candidateId": null,
				"skill": "Business Development",
				"skillExprncMnth": null,
				"skillPrfcncy": null,
				"skillStrength": 1.0,
				"skillOccurrence": null,
				"skillIndex": null,
				"skillRecencyGap": null,
				"createdBy": null,
				"createdOn": null,
				"updatedBy": null,
				"updatedOn": null,
				"flowId": null
			}, {
				"id": null,
				"candidateId": null,
				"skill": "Claim",
				"skillExprncMnth": null,
				"skillPrfcncy": null,
				"skillStrength": 1.0,
				"skillOccurrence": null,
				"skillIndex": null,
				"skillRecencyGap": null,
				"createdBy": null,
				"createdOn": null,
				"updatedBy": null,
				"updatedOn": null,
				"flowId": null
			}, {
				"id": null,
				"candidateId": null,
				"skill": "Health Insurance",
				"skillExprncMnth": null,
				"skillPrfcncy": null,
				"skillStrength": 1.0,
				"skillOccurrence": null,
				"skillIndex": null,
				"skillRecencyGap": null,
				"createdBy": null,
				"createdOn": null,
				"updatedBy": null,
				"updatedOn": null,
				"flowId": null
			}, {
				"id": null,
				"candidateId": null,
				"skill": "Competitive Analysis",
				"skillExprncMnth": null,
				"skillPrfcncy": null,
				"skillStrength": 1.0,
				"skillOccurrence": null,
				"skillIndex": null,
				"skillRecencyGap": null,
				"createdBy": null,
				"createdOn": null,
				"updatedBy": null,
				"updatedOn": null,
				"flowId": null
			}, {
				"id": null,
				"candidateId": null,
				"skill": "Commercial Lending",
				"skillExprncMnth": null,
				"skillPrfcncy": null,
				"skillStrength": 0.8,
				"skillOccurrence": null,
				"skillIndex": null,
				"skillRecencyGap": null,
				"createdBy": null,
				"createdOn": null,
				"updatedBy": null,
				"updatedOn": null,
				"flowId": null
			}, {
				"id": null,
				"candidateId": null,
				"skill": "Achieve cross sells targets",
				"skillExprncMnth": null,
				"skillPrfcncy": null,
				"skillStrength": 0.8,
				"skillOccurrence": null,
				"skillIndex": null,
				"skillRecencyGap": null,
				"createdBy": null,
				"createdOn": null,
				"updatedBy": null,
				"updatedOn": null,
				"flowId": null
			}, {
				"id": null,
				"candidateId": null,
				"skill": "Commercial Mortgages",
				"skillExprncMnth": null,
				"skillPrfcncy": null,
				"skillStrength": 0.8,
				"skillOccurrence": null,
				"skillIndex": null,
				"skillRecencyGap": null,
				"createdBy": null,
				"createdOn": null,
				"updatedBy": null,
				"updatedOn": null,
				"flowId": null
			}, {
				"id": null,
				"candidateId": null,
				"skill": "Achieve sales targets",
				"skillExprncMnth": null,
				"skillPrfcncy": null,
				"skillStrength": 0.8,
				"skillOccurrence": null,
				"skillIndex": null,
				"skillRecencyGap": null,
				"createdBy": null,
				"createdOn": null,
				"updatedBy": null,
				"updatedOn": null,
				"flowId": null
			}, {
				"id": null,
				"candidateId": null,
				"skill": "Construction Loans",
				"skillExprncMnth": null,
				"skillPrfcncy": null,
				"skillStrength": 0.8,
				"skillOccurrence": null,
				"skillIndex": null,
				"skillRecencyGap": null,
				"createdBy": null,
				"createdOn": null,
				"updatedBy": null,
				"updatedOn": null,
				"flowId": null
			}, {
				"id": null,
				"candidateId": null,
				"skill": "achievement of monthly revenue",
				"skillExprncMnth": null,
				"skillPrfcncy": null,
				"skillStrength": 0.8,
				"skillOccurrence": null,
				"skillIndex": null,
				"skillRecencyGap": null,
				"createdBy": null,
				"createdOn": null,
				"updatedBy": null,
				"updatedOn": null,
				"flowId": null
			}],
			"hasMore": false,
			"totalResults": 0
		},
		"candidateProjectMapBean": null,
		"requisitionCandidateMappingBean": null
	},
	"social": {
		"id": null,
		"candidateId": null,
		"interests": null,
		"hobbies": null,
		"professionalSummary": null,
		"objective": null,
		"stackoverflowRank": null,
		"imageUrl": null,
		"linkedinUrl": "https://in.linkedin.com/pub/sajal-dass/30/750/320",
		"twitterUrl": null,
		"facebookUrl": null,
		"maritalStatus": null,
		"blogLink": null,
		"followers": null,
		"following": null,
		"socialExt": null
	},
	"crm": null
}