{"candidate":{"id":null,"displayId":null,"title":null,"firstName":"Dileep","middleName":null,"lastName":"Rao","genderDisplay":null,"genderCode":null,"currentRole":null,"currentDomain":"Information Technology and Services","dateOfBirth":null,"noticePeriodDays":null,"totalExperienceMnth":155,"experienceInCurrentRoleMnth":null,"experienceInCurrentDomainMnth":null,"currentCtc":null,"currentCtcCurrencyName":null,"currentCtcCurrencyCode":null,"expectedCtc":null,"expectedCtcCurrencyName":null,"expectedCtcCurrencyCode":null,"status":null,"statusCode":null,"primaryEmailId":null,"primaryEmailIdType":null,"secondaryEmailId":null,"secondaryEmailIdType":null,"primaryContactNumberCountryCode":null,"primaryContactNumber":null,"primaryContactNumberType":null,"secondaryContactNumberCountryCode":null,"secondaryContactNumber":null,"secondaryContactNumberType":null,"locationId":null,"locationName":"Bengaluru, India","locationType":null,"prefLocation1Id":null,"prefLocation1Name":null,"prefLocation1Type":null,"prefLocation2Id":null,"prefLocation2Name":null,"prefLocation2Type":null,"prefLocation3Id":null,"prefLocation3Name":null,"prefLocation3Type":null,"clientCreatedOn":null,"clientUpdatedOn":null,"sourceName":"Open Web","sourceNameId":null,"sourceType":"Open Web","sourceTypeId":null,"createdBy":null,"createdOn":null,"updatedBy":null,"updatedOn":null,"flowId":"createdWithWebScraper","duplicate":null,"candidateUrl":null,"requisitionIds":null,"entityAddressBean":null,"candidateEducationMapBean":{"links":null,"items":[{"id":null,"candidateId":null,"instituteId":null,"instituteName":"Sir M Visvesvaraya Institute of Technology","instituteAddressId":null,"degreeId":null,"degreeName":"Bachelor's degree, Electrical and Electronics Engineering","major":null,"enrolledDate":"1999-01-01","passoutDate":"2003-01-01","gradeTypeId":null,"gradeTypeName":null,"gradeMaxValue":null,"isHighestDegree":null,"createdBy":null,"createdOn":null,"updatedBy":null,"updatedOn":null,"flowId":null},{"id":null,"candidateId":null,"instituteId":null,"instituteName":"BHS Pre University","instituteAddressId":null,"degreeId":null,"degreeName":"Associate's Degree, Pre University, Physics, Chemistry, Mathematics & Electronics","major":null,"enrolledDate":"1997-01-01","passoutDate":"1999-01-01","gradeTypeId":null,"gradeTypeName":null,"gradeMaxValue":null,"isHighestDegree":null,"createdBy":null,"createdOn":null,"updatedBy":null,"updatedOn":null,"flowId":null},{"id":null,"candidateId":null,"instituteId":null,"instituteName":"St Pauls High School","instituteAddressId":null,"degreeId":null,"degreeName":"SSLC","major":null,"enrolledDate":"1985-01-01","passoutDate":"1997-01-01","gradeTypeId":null,"gradeTypeName":null,"gradeMaxValue":null,"isHighestDegree":null,"createdBy":null,"createdOn":null,"updatedBy":null,"updatedOn":null,"flowId":null}],"hasMore":false,"totalResults":0},"candidateEmployerMapBean":{"links":null,"items":[{"id":null,"candidateId":null,"employerName":"Infosys","employerId":null,"employmentTypeId":null,"employmentTypeName":null,"employerAddressId":null,"designationId":null,"designationName":"Project Manager","startDate":"2003-08-01","endDate":"2012-09-01","isCurrentEmployer":"N","currentCtc":null,"currentFixedSalary":null,"currentVariableSalary":null,"currentCtcCurrency":null,"currentCtcCurrencyCode":null,"employerIndexStart":null,"employerIndexEnd":null,"createdBy":null,"createdOn":null,"updatedBy":null,"updatedOn":null,"flowId":null},{"id":null,"candidateId":null,"employerName":"Oracle","employerId":null,"employmentTypeId":null,"employmentTypeName":null,"employerAddressId":null,"designationId":null,"designationName":"Senior Sales Consultant","startDate":"2012-08-01","endDate":"2014-08-01","isCurrentEmployer":"N","currentCtc":null,"currentFixedSalary":null,"currentVariableSalary":null,"currentCtcCurrency":null,"currentCtcCurrencyCode":null,"employerIndexStart":null,"employerIndexEnd":null,"createdBy":null,"createdOn":null,"updatedBy":null,"updatedOn":null,"flowId":null},{"id":null,"candidateId":null,"employerName":"Oracle India Pvt. Ltd","employerId":null,"employmentTypeId":null,"employmentTypeName":null,"employerAddressId":null,"designationId":null,"designationName":"Manager, Sales Consulting","startDate":"2015-10-01","endDate":null,"isCurrentEmployer":"Y","currentCtc":null,"currentFixedSalary":null,"currentVariableSalary":null,"currentCtcCurrency":null,"currentCtcCurrencyCode":null,"employerIndexStart":null,"employerIndexEnd":null,"createdBy":null,"createdOn":null,"updatedBy":null,"updatedOn":null,"flowId":null},{"id":null,"candidateId":null,"employerName":"PricewaterhouseCoopers - Service Delivery Center (PwC SDC)","employerId":null,"employmentTypeId":null,"employmentTypeName":null,"employerAddressId":null,"designationId":null,"designationName":"Manager","startDate":"2014-07-01","endDate":"2015-11-01","isCurrentEmployer":"N","currentCtc":null,"currentFixedSalary":null,"currentVariableSalary":null,"currentCtcCurrency":null,"currentCtcCurrencyCode":null,"employerIndexStart":null,"employerIndexEnd":null,"createdBy":null,"createdOn":null,"updatedBy":null,"updatedOn":null,"flowId":null}],"hasMore":false,"totalResults":0},"candidateJobFamilyMapBean":null,"candidateSkillMapBean":{"links":null,"items":[{"id":null,"candidateId":null,"skill":"Enterprise Architecture","skillExprncMnth":null,"skillPrfcncy":null,"skillStrength":1.0,"skillOccurrence":null,"skillIndex":null,"skillRecencyGap":null,"createdBy":null,"createdOn":null,"updatedBy":null,"updatedOn":null,"flowId":null},{"id":null,"candidateId":null,"skill":"LDAP","skillExprncMnth":null,"skillPrfcncy":null,"skillStrength":1.0,"skillOccurrence":null,"skillIndex":null,"skillRecencyGap":null,"createdBy":null,"createdOn":null,"updatedBy":null,"updatedOn":null,"flowId":null},{"id":null,"candidateId":null,"skill":"Project Management","skillExprncMnth":null,"skillPrfcncy":null,"skillStrength":1.0,"skillOccurrence":null,"skillIndex":null,"skillRecencyGap":null,"createdBy":null,"createdOn":null,"updatedBy":null,"updatedOn":null,"flowId":null},{"id":null,"candidateId":null,"skill":"Pre-sales","skillExprncMnth":null,"skillPrfcncy":null,"skillStrength":1.0,"skillOccurrence":null,"skillIndex":null,"skillRecencyGap":null,"createdBy":null,"createdOn":null,"updatedBy":null,"updatedOn":null,"flowId":null},{"id":null,"candidateId":null,"skill":"Access Management","skillExprncMnth":null,"skillPrfcncy":null,"skillStrength":1.0,"skillOccurrence":null,"skillIndex":null,"skillRecencyGap":null,"createdBy":null,"createdOn":null,"updatedBy":null,"updatedOn":null,"flowId":null},{"id":null,"candidateId":null,"skill":"Weblogic","skillExprncMnth":null,"skillPrfcncy":null,"skillStrength":1.0,"skillOccurrence":null,"skillIndex":null,"skillRecencyGap":null,"createdBy":null,"createdOn":null,"updatedBy":null,"updatedOn":null,"flowId":null},{"id":null,"candidateId":null,"skill":"Siteminder","skillExprncMnth":null,"skillPrfcncy":null,"skillStrength":1.0,"skillOccurrence":null,"skillIndex":null,"skillRecencyGap":null,"createdBy":null,"createdOn":null,"updatedBy":null,"updatedOn":null,"flowId":null},{"id":null,"candidateId":null,"skill":"Oracle","skillExprncMnth":null,"skillPrfcncy":null,"skillStrength":1.0,"skillOccurrence":null,"skillIndex":null,"skillRecencyGap":null,"createdBy":null,"createdOn":null,"updatedBy":null,"updatedOn":null,"flowId":null},{"id":null,"candidateId":null,"skill":"Oracle Access Manager","skillExprncMnth":null,"skillPrfcncy":null,"skillStrength":1.0,"skillOccurrence":null,"skillIndex":null,"skillRecencyGap":null,"createdBy":null,"createdOn":null,"updatedBy":null,"updatedOn":null,"flowId":null},{"id":null,"candidateId":null,"skill":"Solution Architecture","skillExprncMnth":null,"skillPrfcncy":null,"skillStrength":1.0,"skillOccurrence":null,"skillIndex":null,"skillRecencyGap":null,"createdBy":null,"createdOn":null,"updatedBy":null,"updatedOn":null,"flowId":null},{"id":null,"candidateId":null,"skill":"Business Intelligence","skillExprncMnth":null,"skillPrfcncy":null,"skillStrength":1.0,"skillOccurrence":null,"skillIndex":null,"skillRecencyGap":null,"createdBy":null,"createdOn":null,"updatedBy":null,"updatedOn":null,"flowId":null},{"id":null,"candidateId":null,"skill":"Integration","skillExprncMnth":null,"skillPrfcncy":null,"skillStrength":1.0,"skillOccurrence":null,"skillIndex":null,"skillRecencyGap":null,"createdBy":null,"createdOn":null,"updatedBy":null,"updatedOn":null,"flowId":null},{"id":null,"candidateId":null,"skill":"SOA","skillExprncMnth":null,"skillPrfcncy":null,"skillStrength":1.0,"skillOccurrence":null,"skillIndex":null,"skillRecencyGap":null,"createdBy":null,"createdOn":null,"updatedBy":null,"updatedOn":null,"flowId":null},{"id":null,"candidateId":null,"skill":"Pre-Sales","skillExprncMnth":null,"skillPrfcncy":null,"skillStrength":1.0,"skillOccurrence":null,"skillIndex":null,"skillRecencyGap":null,"createdBy":null,"createdOn":null,"updatedBy":null,"updatedOn":null,"flowId":null},{"id":null,"candidateId":null,"skill":"Management","skillExprncMnth":null,"skillPrfcncy":null,"skillStrength":1.0,"skillOccurrence":null,"skillIndex":null,"skillRecencyGap":null,"createdBy":null,"createdOn":null,"updatedBy":null,"updatedOn":null,"flowId":null},{"id":null,"candidateId":null,"skill":"Identity Federation","skillExprncMnth":null,"skillPrfcncy":null,"skillStrength":1.0,"skillOccurrence":null,"skillIndex":null,"skillRecencyGap":null,"createdBy":null,"createdOn":null,"updatedBy":null,"updatedOn":null,"flowId":null},{"id":null,"candidateId":null,"skill":"Middleware","skillExprncMnth":null,"skillPrfcncy":null,"skillStrength":1.0,"skillOccurrence":null,"skillIndex":null,"skillRecencyGap":null,"createdBy":null,"createdOn":null,"updatedBy":null,"updatedOn":null,"flowId":null},{"id":null,"candidateId":null,"skill":"SDLC","skillExprncMnth":null,"skillPrfcncy":null,"skillStrength":1.0,"skillOccurrence":null,"skillIndex":null,"skillRecencyGap":null,"createdBy":null,"createdOn":null,"updatedBy":null,"updatedOn":null,"flowId":null},{"id":null,"candidateId":null,"skill":"SSO","skillExprncMnth":null,"skillPrfcncy":null,"skillStrength":1.0,"skillOccurrence":null,"skillIndex":null,"skillRecencyGap":null,"createdBy":null,"createdOn":null,"updatedBy":null,"updatedOn":null,"flowId":null},{"id":null,"candidateId":null,"skill":"Software Project Management","skillExprncMnth":null,"skillPrfcncy":null,"skillStrength":1.0,"skillOccurrence":null,"skillIndex":null,"skillRecencyGap":null,"createdBy":null,"createdOn":null,"updatedBy":null,"updatedOn":null,"flowId":null},{"id":null,"candidateId":null,"skill":"Oracle Identity Manager","skillExprncMnth":null,"skillPrfcncy":null,"skillStrength":1.0,"skillOccurrence":null,"skillIndex":null,"skillRecencyGap":null,"createdBy":null,"createdOn":null,"updatedBy":null,"updatedOn":null,"flowId":null},{"id":null,"candidateId":null,"skill":"WebLogic","skillExprncMnth":null,"skillPrfcncy":null,"skillStrength":1.0,"skillOccurrence":null,"skillIndex":null,"skillRecencyGap":null,"createdBy":null,"createdOn":null,"updatedBy":null,"updatedOn":null,"flowId":null},{"id":null,"candidateId":null,"skill":"Project Management","skillExprncMnth":null,"skillPrfcncy":null,"skillStrength":1.0,"skillOccurrence":null,"skillIndex":null,"skillRecencyGap":null,"createdBy":null,"createdOn":null,"updatedBy":null,"updatedOn":null,"flowId":null},{"id":null,"candidateId":null,"skill":"Oracle Adaptive Access Manager","skillExprncMnth":null,"skillPrfcncy":null,"skillStrength":1.0,"skillOccurrence":null,"skillIndex":null,"skillRecencyGap":null,"createdBy":null,"createdOn":null,"updatedBy":null,"updatedOn":null,"flowId":null},{"id":null,"candidateId":null,"skill":"Requirements Analysis","skillExprncMnth":null,"skillPrfcncy":null,"skillStrength":1.0,"skillOccurrence":null,"skillIndex":null,"skillRecencyGap":null,"createdBy":null,"createdOn":null,"updatedBy":null,"updatedOn":null,"flowId":null},{"id":null,"candidateId":null,"skill":"IAM","skillExprncMnth":null,"skillPrfcncy":null,"skillStrength":1.0,"skillOccurrence":null,"skillIndex":null,"skillRecencyGap":null,"createdBy":null,"createdOn":null,"updatedBy":null,"updatedOn":null,"flowId":null},{"id":null,"candidateId":null,"skill":"Customer Relationships","skillExprncMnth":null,"skillPrfcncy":null,"skillStrength":1.0,"skillOccurrence":null,"skillIndex":null,"skillRecencyGap":null,"createdBy":null,"createdOn":null,"updatedBy":null,"updatedOn":null,"flowId":null},{"id":null,"candidateId":null,"skill":"Identity Management","skillExprncMnth":null,"skillPrfcncy":null,"skillStrength":1.0,"skillOccurrence":null,"skillIndex":null,"skillRecencyGap":null,"createdBy":null,"createdOn":null,"updatedBy":null,"updatedOn":null,"flowId":null},{"id":null,"candidateId":null,"skill":"Web Services","skillExprncMnth":null,"skillPrfcncy":null,"skillStrength":1.0,"skillOccurrence":null,"skillIndex":null,"skillRecencyGap":null,"createdBy":null,"createdOn":null,"updatedBy":null,"updatedOn":null,"flowId":null},{"id":null,"candidateId":null,"skill":"Application Architecture","skillExprncMnth":null,"skillPrfcncy":null,"skillStrength":0.8,"skillOccurrence":null,"skillIndex":null,"skillRecencyGap":null,"createdBy":null,"createdOn":null,"updatedBy":null,"updatedOn":null,"flowId":null},{"id":null,"candidateId":null,"skill":"EAI","skillExprncMnth":null,"skillPrfcncy":null,"skillStrength":0.8,"skillOccurrence":null,"skillIndex":null,"skillRecencyGap":null,"createdBy":null,"createdOn":null,"updatedBy":null,"updatedOn":null,"flowId":null},{"id":null,"candidateId":null,"skill":"ESB","skillExprncMnth":null,"skillPrfcncy":null,"skillStrength":0.8,"skillOccurrence":null,"skillIndex":null,"skillRecencyGap":null,"createdBy":null,"createdOn":null,"updatedBy":null,"updatedOn":null,"flowId":null},{"id":null,"candidateId":null,"skill":"eTOM","skillExprncMnth":null,"skillPrfcncy":null,"skillStrength":0.8,"skillOccurrence":null,"skillIndex":null,"skillRecencyGap":null,"createdBy":null,"createdOn":null,"updatedBy":null,"updatedOn":null,"flowId":null},{"id":null,"candidateId":null,"skill":"Global Delivery","skillExprncMnth":null,"skillPrfcncy":null,"skillStrength":0.8,"skillOccurrence":null,"skillIndex":null,"skillRecencyGap":null,"createdBy":null,"createdOn":null,"updatedBy":null,"updatedOn":null,"flowId":null}],"hasMore":false,"totalResults":0},"candidateProjectMapBean":null,"requisitionCandidateMappingBean":null},"social":{"id":null,"candidateId":null,"interests":null,"hobbies":null,"professionalSummary":null,"objective":null,"stackoverflowRank":null,"imageUrl":null,"linkedinUrl":"https://in.linkedin.com/pub/dileep-rao/50/866/3b3","twitterUrl":null,"facebookUrl":null,"maritalStatus":null,"blogLink":null,"followers":null,"following":null,"socialExt":null},"crm":null}