[
{
	"candidate": {
		"id": null,
		"displayId": null,
		"title": null,
		"firstName": "Chakki kbfkebifef",
		"middleName": null,
		"lastName": "KK",
		"genderDisplay": null,
		"genderCode": null,
		"currentRole": null,
		"currentDomain": "Computer Software",
		"dateOfBirth": null,
		"noticePeriodDays": null,
		"totalExperienceMnth": 16,
		"experienceInCurrentRoleMnth": null,
		"experienceInCurrentDomainMnth": null,
		"currentCtc": null,
		"currentCtcCurrencyName": null,
		"currentCtcCurrencyCode": null,
		"expectedCtc": null,
		"expectedCtcCurrencyName": null,
		"expectedCtcCurrencyCode": null,
		"status": null,
		"statusCode": null,
		"primaryEmailId": "jagadeesh.jayachandra@spire2grow.com",
		"primaryEmailIdType": null,
		"secondaryEmailId": null,
		"secondaryEmailIdType": null,
		"primaryContactNumberCountryCode": null,
		"primaryContactNumber": null,
		"primaryContactNumberType": null,
		"secondaryContactNumberCountryCode": null,
		"secondaryContactNumber": null,
		"secondaryContactNumberType": null,
		"locationId": null,
		"locationName": "Bengaluru Area",
		"locationType": null,
		"prefLocation1Id": null,
		"prefLocation1Name": null,
		"prefLocation1Type": null,
		"prefLocation2Id": null,
		"prefLocation2Name": null,
		"prefLocation2Type": null,
		"prefLocation3Id": null,
		"prefLocation3Name": null,
		"prefLocation3Type": null,
		"clientCreatedOn": null,
		"clientUpdatedOn": null,
		"sourceName": "Open Web",
		"sourceNameId": null,
		"sourceType": "Open Web",
		"sourceTypeId": null,
		"createdBy": null,
		"createdOn": null,
		"updatedBy": null,
		"updatedOn": null,
		"flowId": "createdWithWebScraper",
		"duplicate": null,
		"candidateUrl": null,
		"requisitionIds": null,
		"entityAddressBean": null,
		"candidateEducationMapBean": {
			"links": null,
			"items": [{
				"id": null,
				"candidateId": null,
				"instituteId": null,
				"instituteName": "Bangalore Institute Of Technology",
				"instituteAddressId": null,
				"degreeId": null,
				"degreeName": "B. Tech, Computer science",
				"major": null,
				"enrolledDate": "2009-01-01",
				"passoutDate": "2013-01-01",
				"gradeTypeId": null,
				"gradeTypeName": null,
				"gradeMaxValue": null,
				"isHighestDegree": null,
				"createdBy": null,
				"createdOn": null,
				"updatedBy": null,
				"updatedOn": null,
				"flowId": null
			}],
			"hasMore": false,
			"totalResults": 0
		},
		"candidateEmployerMapBean": {
			"links": null,
			"items": [{
				"id": null,
				"candidateId": null,
				"employerName": "Spire Innovations Inc",
				"employerId": null,
				"employmentTypeId": null,
				"employmentTypeName": null,
				"employerAddressId": null,
				"designationId": null,
				"designationName": "QA Engineer",
				"startDate": "2014-12-01",
				"endDate": null,
				"isCurrentEmployer": "Y",
				"currentCtc": null,
				"currentFixedSalary": null,
				"currentVariableSalary": null,
				"currentCtcCurrency": null,
				"currentCtcCurrencyCode": null,
				"employerIndexStart": null,
				"employerIndexEnd": null,
				"createdBy": null,
				"createdOn": null,
				"updatedBy": null,
				"updatedOn": null,
				"flowId": null
			}],
			"hasMore": false,
			"totalResults": 0
		},
		"candidateJobFamilyMapBean": null,
		"candidateSkillMapBean": {
			"links": null,
			"items": [{
				"id": null,
				"candidateId": null,
				"skill": "Java",
				"skillExprncMnth": null,
				"skillPrfcncy": null,
				"skillStrength": null,
				"skillOccurrence": null,
				"skillIndex": null,
				"skillRecencyGap": null,
				"createdBy": null,
				"createdOn": null,
				"updatedBy": null,
				"updatedOn": null,
				"flowId": null
			}, {
				"id": null,
				"candidateId": null,
				"skill": "Maven",
				"skillExprncMnth": null,
				"skillPrfcncy": null,
				"skillStrength": null,
				"skillOccurrence": null,
				"skillIndex": null,
				"skillRecencyGap": null,
				"createdBy": null,
				"createdOn": null,
				"updatedBy": null,
				"updatedOn": null,
				"flowId": null
			}, {
				"id": null,
				"candidateId": null,
				"skill": "Selenium WebDriver",
				"skillExprncMnth": null,
				"skillPrfcncy": null,
				"skillStrength": null,
				"skillOccurrence": null,
				"skillIndex": null,
				"skillRecencyGap": null,
				"createdBy": null,
				"createdOn": null,
				"updatedBy": null,
				"updatedOn": null,
				"flowId": null
			}, {
				"id": null,
				"candidateId": null,
				"skill": "Manual Testing",
				"skillExprncMnth": null,
				"skillPrfcncy": null,
				"skillStrength": null,
				"skillOccurrence": null,
				"skillIndex": null,
				"skillRecencyGap": null,
				"createdBy": null,
				"createdOn": null,
				"updatedBy": null,
				"updatedOn": null,
				"flowId": null
			}, {
				"id": null,
				"candidateId": null,
				"skill": "JMeter",
				"skillExprncMnth": null,
				"skillPrfcncy": null,
				"skillStrength": null,
				"skillOccurrence": null,
				"skillIndex": null,
				"skillRecencyGap": null,
				"createdBy": null,
				"createdOn": null,
				"updatedBy": null,
				"updatedOn": null,
				"flowId": null
			}, {
				"id": null,
				"candidateId": null,
				"skill": "SQL",
				"skillExprncMnth": null,
				"skillPrfcncy": null,
				"skillStrength": null,
				"skillOccurrence": null,
				"skillIndex": null,
				"skillRecencyGap": null,
				"createdBy": null,
				"createdOn": null,
				"updatedBy": null,
				"updatedOn": null,
				"flowId": null
			}, {
				"id": null,
				"candidateId": null,
				"skill": "Jenkins",
				"skillExprncMnth": null,
				"skillPrfcncy": null,
				"skillStrength": null,
				"skillOccurrence": null,
				"skillIndex": null,
				"skillRecencyGap": null,
				"createdBy": null,
				"createdOn": null,
				"updatedBy": null,
				"updatedOn": null,
				"flowId": null
			}, {
				"id": null,
				"candidateId": null,
				"skill": "Git",
				"skillExprncMnth": null,
				"skillPrfcncy": null,
				"skillStrength": null,
				"skillOccurrence": null,
				"skillIndex": null,
				"skillRecencyGap": null,
				"createdBy": null,
				"createdOn": null,
				"updatedBy": null,
				"updatedOn": null,
				"flowId": null
			}, {
				"id": null,
				"candidateId": null,
				"skill": "ElasticSearch",
				"skillExprncMnth": null,
				"skillPrfcncy": null,
				"skillStrength": null,
				"skillOccurrence": null,
				"skillIndex": null,
				"skillRecencyGap": null,
				"createdBy": null,
				"createdOn": null,
				"updatedBy": null,
				"updatedOn": null,
				"flowId": null
			}, {
				"id": null,
				"candidateId": null,
				"skill": "RESTful WebServices",
				"skillExprncMnth": null,
				"skillPrfcncy": null,
				"skillStrength": null,
				"skillOccurrence": null,
				"skillIndex": null,
				"skillRecencyGap": null,
				"createdBy": null,
				"createdOn": null,
				"updatedBy": null,
				"updatedOn": null,
				"flowId": null
			}, {
				"id": null,
				"candidateId": null,
				"skill": "MySQL",
				"skillExprncMnth": null,
				"skillPrfcncy": null,
				"skillStrength": null,
				"skillOccurrence": null,
				"skillIndex": null,
				"skillRecencyGap": null,
				"createdBy": null,
				"createdOn": null,
				"updatedBy": null,
				"updatedOn": null,
				"flowId": null
			}, {
				"id": null,
				"candidateId": null,
				"skill": "TestNG",
				"skillExprncMnth": null,
				"skillPrfcncy": null,
				"skillStrength": null,
				"skillOccurrence": null,
				"skillIndex": null,
				"skillRecencyGap": null,
				"createdBy": null,
				"createdOn": null,
				"updatedBy": null,
				"updatedOn": null,
				"flowId": null
			}, {
				"id": null,
				"candidateId": null,
				"skill": "HTML5",
				"skillExprncMnth": null,
				"skillPrfcncy": null,
				"skillStrength": null,
				"skillOccurrence": null,
				"skillIndex": null,
				"skillRecencyGap": null,
				"createdBy": null,
				"createdOn": null,
				"updatedBy": null,
				"updatedOn": null,
				"flowId": null
			}, {
				"id": null,
				"candidateId": null,
				"skill": "JDBC",
				"skillExprncMnth": null,
				"skillPrfcncy": null,
				"skillStrength": null,
				"skillOccurrence": null,
				"skillIndex": null,
				"skillRecencyGap": null,
				"createdBy": null,
				"createdOn": null,
				"updatedBy": null,
				"updatedOn": null,
				"flowId": null
			}, {
				"id": null,
				"candidateId": null,
				"skill": "Apache Kafka",
				"skillExprncMnth": null,
				"skillPrfcncy": null,
				"skillStrength": null,
				"skillOccurrence": null,
				"skillIndex": null,
				"skillRecencyGap": null,
				"createdBy": null,
				"createdOn": null,
				"updatedBy": null,
				"updatedOn": null,
				"flowId": null
			}, {
				"id": null,
				"candidateId": null,
				"skill": "REst Service Automation",
				"skillExprncMnth": null,
				"skillPrfcncy": null,
				"skillStrength": null,
				"skillOccurrence": null,
				"skillIndex": null,
				"skillRecencyGap": null,
				"createdBy": null,
				"createdOn": null,
				"updatedBy": null,
				"updatedOn": null,
				"flowId": null
			}],
			"hasMore": false,
			"totalResults": 0
		},
		"candidateProjectMapBean": null,
		"requisitionCandidateMappingBean": null
	},
	"social": {
		"id": null,
		"candidateId": null,
		"interests": null,
		"hobbies": null,
		"professionalSummary": null,
		"objective": null,
		"stackoverflowRank": null,
		"imageUrl": null,
		"linkedinUrl": "https://in.linkedin.com/in/abhijit-mahesh-9b9b0835",
		"twitterUrl": null,
		"facebookUrl": null,
		"maritalStatus": null,
		"blogLink": null,
		"followers": null,
		"following": null,
		"socialExt": null
	},
	"crm": {
 "statusName": "Lead"
}
}
]