<?xml version='1.0' encoding='UTF-8' ?>
<suite name="CRM UI Automation" parallel="methods"   
	thread-count="1">
	<!-- <listeners>
		<listener class-name="com.spire.base.reporter.SpireReport"/>
		<listener class-name="com.spire.base.controller.TestRetryListener"/>
	</listeners> -->  
	
	<!--instance names host -->
	<parameter name="host"
		value="http://192.168.2.124/UI/src/app/index.html#/Login" />
	<parameter name="ui_host" value="http://192.168.2.124" />
	<parameter name="biz_host" value="http://192.168.2.124:8085" />
	<parameter name="db_host" value="://192.168.2.124:3306"/>
	<parameter name="entity_host" value="http://192.168.2.69:8085" />
	<parameter name="mautic_host" value="://192.168.2.69:8085" /> 
	<parameter name="healthCheck" value="false" />
	<!--browser values of *Firefox,Chrome,IE -->  
	<parameter name="browser" value="*Firefox" />

	<!-- <parameter name="testRetryCount" value="4" /> -->
	
	<test name="CRM UI Automation - SmokeTests">
		<groups>
			<run>
			   
				<include name="searchCandidate" />
				
			</run>
			
		</groups>
		<packages>
			<package name="com.spire.crm.ui.smoke" />  
		</packages>
	</test>
</suite>   